"Condition","Post_Text","Image_Filename","Blog_URL","Status"
"SOT Overview EN","Sacro Occipital Technique (SOT) is one of chiropractic's most precise and gentle systems. Developed by Dr. Major B. DeJarnette over 50+ years of research, SOT treats the body as three connected systems: the spine and pelvis, the internal organs, and the cranium.

Instead of forceful twisting, SOT uses padded pelvic blocks placed at specific angles under the body. Gravity and the patient's own breath do the correction — slow, physiological, and safe for every age from newborn to senior.

SOT chiropractors use detailed neurological indicators to decide exactly which correction your body needs on that visit. No two adjustments are the same because no two bodies present the same way twice.

This is why patients who haven't held a traditional adjustment often find lasting results with SOT — the technique addresses the foundation, not just the symptom.","chiropractic-adjustment.jpg","https://puravidablog.vercel.app/","Ready"
"SOT Categorías ES","La Técnica Sacro Occipital (SOT) clasifica cada paciente en una de tres categorías según lo que el sistema nervioso necesita ese día.

Categoría I: disfunción del mecanismo respiratorio craneosacral. El líquido cefalorraquídeo no fluye correctamente entre el sacro y el cráneo. Produce fatiga, niebla mental y dolores difusos.

Categoría II: inestabilidad de la articulación sacroilíaca bajo carga. El peso del cuerpo no se transfiere bien. Dolor lumbar, ciática leve, dolor al estar de pie.

Categoría III: compromiso del disco lumbar con irritación nerviosa. Ciática severa, dolor al toser, debilidad en la pierna.

Cada categoría tiene su propio protocolo de bloques pélvicos, ajustes y ejercicios. Por eso el quiropráctico SOT examina antes de cada visita — tu categoría puede cambiar durante el proceso de corrección.","sciatica.jpg","https://puravidablog.vercel.app/","Ready"
"Pelvic Blocks EN","The pelvic blocks used in SOT chiropractic look simple — two padded wedges placed at precise angles beneath the pelvis — but the mechanism is remarkable.

When positioned correctly for your category, the blocks use your own body weight and breathing to unlock the sacroiliac joints. Over 10–20 minutes, the ligaments release, the pelvis rebalances, and the spine above can reorganize.

This is different from a manual adjustment. No thrust, no popping sound required. The correction happens through sustained, gentle pressure in exactly the direction your nervous system is asking for.

Blocking is especially valuable for pregnant patients, infants, seniors, and anyone recovering from injury who can't tolerate rotational adjustments. It's one reason SOT has been used safely on every age group for more than half a century.","pregnancy-pain.jpg","https://puravidablog.vercel.app/","Ready"
"CMRT Órganos ES","¿Sabías que cada vértebra dorsal está conectada a un órgano a través del sistema nervioso autónomo?

La Técnica de Manipulación Refleja Quiropráctica (CMRT) es la rama de SOT Avanzado que aborda la función de los órganos a través de la columna. Fue desarrollada por el Dr. DeJarnette después de décadas observando que ciertos patrones vertebrales acompañaban a trastornos específicos: T5 con el hígado, T7 con el páncreas, T10 con los riñones.

CMRT combina el ajuste vertebral con puntos de reflejo en el abdomen y el tejido blando sobre el órgano. El objetivo no es ""tratar"" el órgano, sino restaurar la comunicación nerviosa que lo regula.

Pacientes con reflujo, fatiga suprarrenal, síndrome premenstrual o problemas digestivos crónicos suelen notar cambios cuando el sistema nervioso autónomo vuelve a equilibrarse.","reflux.jpg","https://puravidablog.vercel.app/","Ready"
"Cranial 22 Bones EN","Most people think the skull is one solid piece. It isn't. The human cranium is made of 22 separate bones connected by sutures — and those sutures continue to move, subtly, throughout your entire life.

That movement matters. It's what drives the cranial respiratory mechanism: the gentle pumping rhythm that moves cerebrospinal fluid around your brain and down your spinal cord roughly 8–12 times per minute.

When cranial bones lock up — from birth trauma, a fall, a whiplash injury, or years of dental work — that rhythm slows. Cerebrospinal fluid flow decreases. Headaches, vertigo, TMJ, brain fog, and adjustments that ""won't hold"" are common results.

SOT Craniopathy is the system that examines and corrects those 22 bones one at a time. The adjustments are so light you can barely feel them — but the changes patients report are anything but subtle.","headache.jpg","https://puravidablog.vercel.app/","Ready"
"Craniopatía TMJ ES","La articulación temporomandibular (ATM) es la única articulación en el cuerpo que depende de seis huesos del cráneo para funcionar correctamente: el temporal, el esfenoides, el maxilar, el cigomático, el occipital y la mandíbula.

Por eso los tratamientos que solo trabajan la mandíbula suelen dar alivio temporal. Si el temporal está rotado o el esfenoides está comprimido, la ATM nunca podrá cerrarse de forma simétrica.

La Craniopatía SOT evalúa los 22 huesos del cráneo y los ajusta con presiones muy suaves — tan ligeras que parecen apenas un toque. Pero cuando el esfenoides se libera, el paciente a menudo siente que la mandíbula ""encuentra su lugar"" por primera vez en años.

Si escuchas crujidos, sientes dolor al masticar o despiertas con la mandíbula tensa, la respuesta rara vez está solo en la mandíbula.","bruxism.jpg","https://puravidablog.vercel.app/","Ready"
"Adjustments Won't Hold EN","""My adjustments don't hold."" It's one of the most common complaints Dr. Foss hears from patients who have seen other chiropractors for years.

There's usually a reason — and it's usually cranial.

When the cranial bones are misaligned, the nervous system can't stabilize the corrections made in the spine below. The body keeps pulling back to its familiar pattern because that pattern starts at the top, not the bottom.

Advanced SOT practitioners address the cranium first in these cases. Once the sphenobasilar junction (the hinge between the back and front of your skull) moves freely again, spinal adjustments start to hold for days, then weeks, then months.

If you've been adjusted for years but the same pain keeps returning, the missing piece may be three inches above your neck.","post-concussion.jpg","https://puravidablog.vercel.app/","Ready"
"Categoría II ES","Categoría II en SOT describe una inestabilidad específica de la articulación sacroilíaca donde los ligamentos no transfieren el peso correctamente del tronco a las piernas.

Las señales clásicas: dolor al estar mucho tiempo de pie, dolor al salir del auto, sensación de que la pelvis ""se sale"" al caminar, dolor lumbar unilateral que empeora con la actividad.

La corrección usa bloques pélvicos colocados en un patrón diferente al de Categoría I. Los bloques crean un torque suave que permite a los ligamentos sacroilíacos reacomodarse bajo la propia carga del cuerpo.

Es un problema muy común en madres después del parto, en atletas con lesiones de cadera antiguas, y en personas que pasaron meses con una lesión lumbar no tratada. Corregirlo temprano evita años de compensaciones dolorosas arriba y abajo en la cadena.","si-joint-dysfunction.jpg","https://puravidablog.vercel.app/","Ready"
"SORSI Certification EN","Not every chiropractor who says they ""do SOT"" has completed the full Advanced SOT curriculum. The organization that certifies practitioners — SORSI, the Sacro Occipital Research Society International — requires years of coursework, case reports, and practical examinations to reach the Advanced level.

The Advanced SOT curriculum includes: the full Category I-II-III protocols, CMRT organ adjusting for all major systems, SOT Craniopathy at the Advanced level, and specialized protocols for pediatrics, pregnancy, and complex cases.

Dr. Dan Foss is one of a small number of chiropractors worldwide certified at the Advanced level in all three pillars — spine, organs, and cranium. That integration is why patients in San Antonio travel from across the city to this practice after being managed, but not resolved, elsewhere.","chiropractic-adjustment.jpg","https://puravidablog.vercel.app/","Ready"
"Whiplash Ciencia ES","El latigazo cervical no es solo un esguince muscular. Durante una colisión trasera a solo 5 mph, la cabeza acelera hasta 2.5 veces la fuerza del impacto en menos de 200 milisegundos — más rápido de lo que cualquier músculo puede reaccionar.

El daño real ocurre en los ligamentos profundos del cuello, los discos cervicales y, con frecuencia, en el mecanismo craneal. Por eso muchos pacientes con latigazo ""menor"" desarrollan dolores de cabeza, vértigo, tinnitus o niebla mental semanas o meses después del accidente.

La evaluación SOT posterior a un accidente revisa no solo la columna cervical, sino también el occipucio, el temporal y el esfenoides — los tres huesos craneales que más se desalinean en un impacto. Tratar solo el cuello suele dejar síntomas residuales que nadie puede explicar.","whiplash.jpg","https://puravidablog.vercel.app/","Ready"
"Category I EN","Category I in SOT describes a dysfunction of the craniosacral respiratory mechanism — the subtle pump that moves cerebrospinal fluid between the sacrum and the cranium.

Patients in Category I often feel ""off"" without a single sharp pain. Brain fog, poor sleep, diffuse fatigue, inability to hold an adjustment, low-grade headaches, and a sense that the whole body is stiff rather than one specific area.

The Cat I correction uses pelvic blocks in a specific cephalad orientation combined with breathing cues and very light cranial contact. The goal isn't to ""crack"" anything. The goal is to restore the pump.

When the pump is working, everything downstream — mood, sleep, digestion, immunity — tends to improve. It's the most foundational of the three categories and usually the first thing checked on a new patient.","chronic-pain.jpg","https://puravidablog.vercel.app/","Ready"
"Migrañas Craneal ES","Las migrañas no son simples ""dolores de cabeza fuertes"". Son un evento neurovascular que involucra los vasos sanguíneos alrededor del cerebro, el nervio trigémino y, con frecuencia, la mecánica de los huesos craneales.

El hueso temporal, que aloja el oído interno y gran parte del tejido vascular, es un componente frecuentemente pasado por alto. Una rotación del temporal puede comprimir las arterias meníngeas y desencadenar episodios migrañosos cíclicos.

El análisis de Craniopatía SOT evalúa el movimiento del temporal, el esfenoides y el occipucio. Cuando estos se liberan, muchos pacientes reportan migrañas menos frecuentes, más cortas y menos intensas — incluso después de años de medicación preventiva sin cambio real.

No toda migraña es cervical. Pero casi toda migraña tiene un componente craneal que vale la pena examinar.","cluster-headaches.jpg","https://puravidablog.vercel.app/","Ready"
"Disc Herniation EN","A disc herniation isn't really a ""slip"" — discs don't slip. What happens is a tear in the outer fibers (the annulus) that allows the gel-like inner nucleus to push outward against a nerve root.

The pain pattern depends on which nerve is being compressed. L5 sends pain down the outside of the calf to the big toe. S1 sends it to the outside of the foot and the little toe. C6 wraps around the biceps to the thumb.

SOT Category III is the specific protocol for lumbar disc involvement. Pelvic blocks create a tractioning force that opens the disc space and relieves nerve root pressure without forceful manipulation.

This matters because most disc herniations don't actually need surgery. Studies show 60–90% resolve with conservative care when the mechanics are corrected and the disc has a chance to reabsorb.","bulging-disc.jpg","https://puravidablog.vercel.app/","Ready"
"Vertigo BPPV ES","El vértigo posicional paroxístico benigno (VPPB) ocurre cuando pequeños cristales de calcio (otoconias) se desprenden del utrículo y migran a los canales semicirculares del oído interno.

Cada movimiento de la cabeza hace que estos cristales se agiten dentro del canal, enviando señales falsas al cerebro de que el mundo está girando. Los pacientes describen episodios de segundos a minutos al acostarse, al mirar hacia arriba o al girar en la cama.

Las maniobras de reposicionamiento (Epley, Semont) guían los cristales de regreso a su lugar. Pero lo que muchos médicos no mencionan es que el hueso temporal — que aloja estos canales — debe moverse libremente para que la maniobra funcione.

La Craniopatía SOT evalúa el temporal y el occipucio antes y después del reposicionamiento. Cuando el cráneo se mueve bien, el VPPB rara vez regresa.","bppv.jpg","https://puravidablog.vercel.app/","Ready"
"Pediatric SOT EN","Children are not small adults — their spines, skulls, and nervous systems are still developing, which means the corrections they need are completely different from what an adult receives.

SOT is one of the safest chiropractic systems for pediatric care because the force required is measured in grams, not pounds. For a newborn, the pressure used to adjust a cranial bone is less than what you'd use to check the ripeness of a tomato.

Common pediatric applications: colic, reflux, torticollis, latching difficulties, ear infections, bed-wetting, and sleep issues. Many of these trace back to birth trauma — particularly vacuum or forceps deliveries, which compress the occiput and the temporal bones.

Correcting those patterns early tends to resolve the symptom and prevent the cascade of compensations that would otherwise follow the child for decades.","torticollis.jpg","https://puravidablog.vercel.app/","Ready"
"Embarazo Webster ES","La Técnica Webster es un protocolo SOT específico para el embarazo. Fue desarrollado por el Dr. Larry Webster para reducir la tensión de los ligamentos redondos y el estrés sacro durante la gestación.

Durante el embarazo, el útero en crecimiento tira de los ligamentos redondos que se insertan en la cresta pélvica. Si la pelvis está rotada o inclinada, esa tracción se vuelve asimétrica — creando dolor inguinal, dolor lumbar y, en algunos casos, restringiendo el espacio disponible para que el bebé se acomode.

Webster no ""gira"" al bebé. Lo que hace es equilibrar la pelvis materna para que el bebé pueda moverse libremente hacia la posición óptima.

Es seguro en los tres trimestres. Los bloques pélvicos se ajustan para acomodar el abdomen, y no se realiza ningún ajuste rotacional. Muchas mamás lo describen como la única posición cómoda del día.","pregnancy-pain.jpg","https://puravidablog.vercel.app/","Ready"
"Carpal Tunnel EN","Carpal tunnel syndrome is named after the tunnel at the wrist where the median nerve passes — but the nerve can be compressed at six different points between the neck and the fingertip.

This is called ""double crush"" syndrome. The median nerve emerges from the cervical spine (C5-T1), threads through the scalenes, under the clavicle, through the pectoralis minor, along the arm, and finally through the carpal tunnel.

Wrist surgery only addresses the last of those six points. If the nerve is compressed higher up — by a cervical disc, a scalene trigger point, or a first rib subluxation — surgery often fails and the numbness returns.

SOT evaluation tracks the nerve from C5 down. Correcting the upstream compression points frequently resolves the ""carpal tunnel"" symptoms without ever touching the wrist.","carpal-tunnel.jpg","https://puravidablog.vercel.app/","Ready"
"Ciática Categoría III ES","La ciática es un síntoma, no un diagnóstico. El dolor que baja por la pierna puede venir de cinco causas diferentes: hernia lumbar, estenosis foraminal, síndrome del piriforme, disfunción sacroilíaca o compresión del plexo lumbosacro.

La Categoría III de SOT es el protocolo específico para compromiso discal con irritación nerviosa. La señal clave: dolor que empeora al toser, estornudar o sentarse mucho tiempo. Eso apunta a presión dentro del disco, no fuera de él.

Los bloques pélvicos se colocan en una configuración que abre el espacio discal y descomprime la raíz nerviosa. No hay manipulación forzada. El alivio viene de restaurar el espacio, no de ""mover"" la vértebra.

La mayoría de las hernias discales se reabsorben con el tiempo si la mecánica se corrige. La cirugía es el último recurso, no el primero.","radiculopathy.jpg","https://puravidablog.vercel.app/","Ready"
"Scoliosis SOT EN","Scoliosis — a lateral curvature of the spine greater than 10 degrees — affects roughly 3% of the population, most commonly adolescent girls between ages 10 and 15.

Traditional management watches and waits with periodic X-rays, then braces, then surgery if the curve progresses past 40 degrees. SOT offers a third option: address the underlying cranial, pelvic, and organic components that drive the curve.

Most idiopathic scoliosis has an asymmetry in the occipital-sphenoid relationship at the base of the skull. When this corrects, proprioception improves and the spine stops compensating with rotation.

Early intervention — before the curve becomes structural — produces the best results. Even in mature curves, SOT can reduce pain, slow progression, and improve function even if the cosmetic curve doesn't fully resolve.","scoliosis.jpg","https://puravidablog.vercel.app/","Ready"
"Tinnitus Temporal ES","El tinnitus — ese zumbido constante en el oído que solo tú escuchas — afecta a más de 50 millones de adultos en EE.UU. La medicina convencional suele decir: ""no hay cura, aprende a vivir con él"".

No siempre es cierto. Una causa frecuentemente ignorada es la disfunción del hueso temporal. Este hueso aloja la cóclea, el nervio auditivo y parte del sistema vascular del oído interno. Cuando rota o se comprime — por un accidente, un trabajo dental largo, bruxismo crónico o estrés — la mecánica del oído cambia.

El análisis de Craniopatía SOT evalúa el movimiento del temporal en relación con el occipucio y el esfenoides. En muchos pacientes, la corrección craneal reduce o elimina el tinnitus después de años de convivir con él.

Si tu tinnitus empeora al masticar o al girar la cabeza, el origen probablemente sea mecánico.","cervicogenic-headaches.jpg","https://puravidablog.vercel.app/","Ready"
"Cranial Birth Trauma EN","The birth process is one of the most physically demanding events a human body ever experiences. For the baby, the skull has to compress, rotate, and mold to fit through the birth canal. For most infants, the 22 bones of the cranium unmold within the first 48 hours.

For some, they don't.

Interventions like vacuum extraction, forceps, or a prolonged second stage can leave cranial bones overlapping or compressed long after birth. The baby may look ""fine"" on the outside while the sphenoid, temporal, or occipital bones remain out of position internally.

These hidden birth-trauma patterns show up later as: colic that doesn't respond to formula changes, torticollis, a preferred head-turn direction, latching problems, plagiocephaly (flat head), and chronic ear infections.

An Advanced SOT craniopath can evaluate and correct these patterns with feather-light contacts, often in the first weeks of life.","torticollis.jpg","https://puravidablog.vercel.app/","Ready"
"Fibromialgia ES","La fibromialgia no es ""dolor imaginario"". Es una disfunción real del sistema nervioso central donde el cerebro amplifica las señales de dolor entrantes. Los estudios de imágenes muestran áreas cerebrales hiperactivas en pacientes con fibromialgia comparados con personas sanas.

Lo que muchos no saben es que esa amplificación tiene un componente mecánico. El mecanismo craneosacral — el flujo del líquido cefalorraquídeo alrededor del cerebro y la médula — regula la percepción del dolor en el sistema nervioso. Cuando el flujo es insuficiente, la sensibilidad sube.

La Categoría I de SOT aborda directamente ese mecanismo. Muchos pacientes con fibromialgia notan mejorías notables en el sueño, la niebla mental y la sensibilidad generalizada después de varias semanas de corrección craneosacral.

No es una cura. Pero para muchos, es la primera intervención que realmente cambia la curva.","chronic-pain.jpg","https://puravidablog.vercel.app/","Ready"
"Sphenoid Hinge EN","The sphenoid is the keystone bone of the skull — shaped like a butterfly, it articulates with every other cranial bone and sits directly behind your eyes at the base of the brain.

The junction between the sphenoid and the occipital bone (the sphenobasilar synchondrosis) is the primary ""hinge"" of the cranial respiratory mechanism. Every breath you take, this junction flexes and extends subtly to pump cerebrospinal fluid.

When this hinge jams — from a head injury, whiplash, orthodontic work, or a dental extraction — the whole mechanism slows. Patients describe it as ""a helmet that won't come off,"" chronic headaches behind the eyes, pressure in the sinuses, and difficulty focusing.

The SOT craniopathic correction uses a contact on the greater wings of the sphenoid with the fingers and occiput with the palm. Light pressure, a patient breath, and the hinge releases. The sensation is often described as the head ""opening up.""","headache.jpg","https://puravidablog.vercel.app/","Ready"
"Dolor Lumbar Crónico ES","El dolor lumbar crónico — el que dura más de 12 semanas — afecta aproximadamente a 1 de cada 4 adultos en algún punto de su vida. La gran mayoría nunca recibe un diagnóstico estructural claro.

Eso es porque el dolor lumbar crónico rara vez tiene una sola causa. Lo que se observa es una cadena: disfunción sacroilíaca → compensación muscular → desalineación vertebral → irritación del disco → tensión de los ligamentos craneosacros.

Tratar solo un eslabón de esa cadena deja el resto intacto. Por eso las inyecciones, los relajantes musculares y las cirugías a menudo ofrecen alivio temporal antes de que el dolor regrese.

El enfoque SOT examina la cadena completa: pelvis, columna, órganos y cráneo. Cuando los tres sistemas se equilibran, el cuerpo finalmente puede mantener la corrección — y el dolor deja de ser crónico.","chronic-pain.jpg","https://puravidablog.vercel.app/","Ready"
"Organs & T-Spine EN","The thoracic spine isn't just structural — it's the autonomic switchboard for every organ in your torso.

T1-T4 send sympathetic nerves to the heart and lungs. T5-T9 innervate the stomach, liver, pancreas, and gallbladder. T10-L2 serve the kidneys, small intestine, colon, and reproductive organs.

Chronic subluxation of a thoracic segment creates a chronic irritation of the corresponding autonomic pathway. That's why someone with a stuck T5 may develop reflux that doesn't respond to antacids, or why a fixed T10 can accompany kidney stones or PMS.

CMRT (Chiropractic Manipulative Reflex Technique) is the Advanced SOT protocol that specifically addresses these vertebra-organ relationships. It combines the spinal correction with soft tissue reflex points over the organ itself.

The goal isn't to ""treat"" the organ. It's to free the nerve that regulates it.","reflux.jpg","https://puravidablog.vercel.app/","Ready"
"Estenosis Espinal ES","La estenosis espinal es el estrechamiento del canal donde pasa la médula o las raíces nerviosas. El síntoma clásico: dolor y debilidad en las piernas que aparece al caminar y se alivia al sentarse o al inclinarse hacia adelante.

La cirugía de descompresión (laminectomía) es una opción en casos severos, pero no es la primera línea para la mayoría de pacientes. Los estudios muestran que el tratamiento conservador — incluyendo quiropráctica específica, ejercicio y manejo postural — produce resultados comparables a la cirugía en seguimientos a dos años.

El enfoque SOT para la estenosis combina bloques pélvicos que abren el canal lumbar, corrección de la cifosis compensatoria del tórax y liberación del mecanismo craneosacral para reducir la presión general del líquido cefalorraquídeo.

No todo dolor en las piernas al caminar es estenosis. Y no toda estenosis requiere cirugía.","spinal-stenosis.jpg","https://puravidablog.vercel.app/","Ready"
"Post-Concussion EN","Post-concussion syndrome is what happens when the brain ""heals"" but the symptoms don't go away. Headaches, brain fog, difficulty concentrating, irritability, light sensitivity, and sleep disruption persist weeks or months after the original injury.

Conventional medicine often says: ""wait it out."" But the mechanism of concussion isn't just neurological — it's also mechanical. The impact that shook the brain also jammed the cranial bones, particularly the occiput, the temporal, and the sphenoid.

If those bones don't unmold, cerebrospinal fluid flow stays compromised. The brain doesn't get the rhythmic pump it needs to clear metabolic waste and resolve the micro-inflammation.

SOT Craniopathy for post-concussion syndrome uses very light contacts over specific cranial landmarks to release the mechanical component. Many patients report dramatic improvement in fog and headaches within the first few visits.","post-concussion.jpg","https://puravidablog.vercel.app/","Ready"
"Dolor de Cabeza Cervicogénico ES","Existen más de 200 tipos de dolor de cabeza clasificados por la Sociedad Internacional del Dolor de Cabeza. Uno de los más comunes — y más tratables — es el cervicogénico: el que se origina en la columna cervical pero se siente en la cabeza.

Las señales: dolor que empieza en la base del cráneo y sube por detrás de un ojo, empeora con ciertas posiciones del cuello, y el lado dolorido no cambia entre episodios. A menudo se confunde con migrañas.

La fuente suele estar en las dos primeras vértebras cervicales (atlas y axis) o en el occipucio. Estas tres estructuras sostienen directamente el cráneo y comparten inervación con el nervio trigémino.

La evaluación SOT cervical-occipital identifica la restricción exacta. La corrección suele aliviar el dolor en cuestión de días — sin medicación y sin tratar los ""síntomas"" de migraña que nunca lo fueron.","cervicogenic-headaches.jpg","https://puravidablog.vercel.app/","Ready"
"SOT for Seniors EN","Age changes how the body responds to chiropractic care — but it doesn't mean older adults should avoid it. What matters is the technique used.

SOT is particularly well-suited to the senior population for three reasons:

First, the force used is measured in grams, not pounds. Pelvic blocks and light cranial contacts don't require the bone density of a 30-year-old.

Second, SOT addresses compensations common in older adults: forward head posture, thoracic kyphosis, arthritic hips, and restricted rib cage motion. These don't respond well to forceful manipulation but respond beautifully to sustained, gentle correction.

Third, Category I protocols improve cerebrospinal fluid flow — which matters enormously for cognitive function, sleep quality, and general vitality as the decades add up.

Many of Dr. Foss's long-term patients are in their 70s, 80s, and 90s, moving and thinking as well as they did twenty years younger.","posture.jpg","https://puravidablog.vercel.app/","Ready"
"Plagiocefalia ES","La plagiocefalia — la ""cabeza plana"" en bebés — se volvió mucho más común después de las campañas ""Back to Sleep"" de los años 90, que redujeron dramáticamente el síndrome de muerte súbita pero aumentaron el aplanamiento posicional del cráneo.

La medicina convencional ofrece cascos correctivos después de los 4-6 meses de edad. Son efectivos pero caros, incómodos y no abordan por qué la cabeza se aplanó en primer lugar.

La causa raíz casi siempre es una torticolis sutil: el bebé prefiere girar la cabeza hacia un lado porque el occipucio, el temporal o el atlas están restringidos. Esa preferencia crea la presión constante que aplana el cráneo.

La Craniopatía SOT corrige la restricción cervical-craneal subyacente. Cuando el bebé puede girar simétricamente, la presión se distribuye y el cráneo remodela naturalmente — especialmente si se corrige antes de los 4 meses.","torticollis.jpg","https://puravidablog.vercel.app/","Ready"
"Bulging Disc Truth EN","""Bulging disc"" is one of the most over-diagnosed findings in modern imaging. MRI studies of pain-free adults show that roughly 30% of 30-year-olds, 50% of 50-year-olds, and 80% of 80-year-olds have bulging discs — with zero symptoms.

In other words, the bulge on your MRI may not be what's causing your pain.

What actually produces pain is the combination of: (1) a disc that's lost hydration and height, (2) the facet joints above and below being pushed into abnormal loading, and (3) an inflammatory response in the surrounding tissues.

SOT Category II and III protocols address all three components. Pelvic blocks restore the mechanics. Soft tissue work handles the inflammation. And cranial correction regulates the autonomic signaling that drives the inflammatory cycle.

Surgery rarely fixes a bulging disc. Mechanics and time, working together, usually do.","bulging-disc.jpg","https://puravidablog.vercel.app/","Ready"
"CMRT Hígado ES","El hígado es el órgano más grande dentro del abdomen y cumple más de 500 funciones — desde desintoxicación hasta producción de bilis, regulación hormonal y metabolismo de grasas. Todo esto depende de la inervación que llega a través de T5-T8.

Cuando estas vértebras se desalinean crónicamente, la función hepática puede sufrir sutilmente durante años antes de aparecer en un análisis de sangre. Los signos tempranos incluyen: fatiga después de comidas grasosas, intolerancia al alcohol que antes no existía, sensibilidad bajo el borde costal derecho, y piel amarillenta o bolsas oscuras bajo los ojos.

El protocolo CMRT para el hígado combina la corrección de T5-T8 con trabajo de reflejos sobre el cuadrante superior derecho del abdomen. No reemplaza al médico ni los análisis — pero restaura la comunicación nerviosa que el hígado necesita para trabajar eficientemente.","allergies.jpg","https://puravidablog.vercel.app/","Ready"
"Nervous System Foundation EN","Your nervous system is the master regulator of every function in your body — heart rate, digestion, immunity, hormone balance, even mood. And it all routes through the spinal column and the base of the skull.

The concept that chiropractic is ""just for back pain"" is one of the most persistent misconceptions in healthcare. Advanced SOT treats the spine, the organs, and the cranium as one integrated system precisely because that's how the nervous system works.

A stuck vertebra doesn't just limit motion. It creates a zone of aberrant nerve signaling that affects everything that vertebra communicates with — whether that's a muscle, a gland, or an organ.

Restoring the structure restores the signal. That's why patients come in for back pain and leave reporting better digestion, better sleep, fewer headaches, and more energy. The ""side effects"" of a corrected spine are the whole reason the technique exists.","chiropractic-adjustment.jpg","https://puravidablog.vercel.app/","Ready"
"Dolor de Cadera ES","El dolor de cadera en adultos rara vez viene solo de la cadera. La articulación coxofemoral está rodeada por la pelvis, el sacro, los ligamentos inguinales, los flexores de la cadera y la cadena miofascial que se extiende desde el pie hasta el cráneo.

Los hallazgos más comunes en pacientes con dolor de cadera crónico: disfunción sacroilíaca del mismo lado (80%), rotación pélvica con pierna funcionalmente corta (65%), restricción del piriforme (50%) y compresión del ligamento inguinal (40%).

La imagen puede mostrar artritis leve, pero la artritis por sí sola rara vez explica el dolor incapacitante. Lo que lo explica es la combinación de desgaste articular + desequilibrio biomecánico.

SOT aborda la cadena completa. Cuando la pelvis se nivela, el piriforme se libera, y los flexores dejan de tirar asimétricamente, la cadera artrítica puede volver a funcionar sin dolor — incluso sin reemplazo quirúrgico.","hip-pain.jpg","https://puravidablog.vercel.app/","Ready"
"TMJ Layered EN","TMJ dysfunction is almost never just a jaw problem. The jaw sits within a mechanical system that includes: six cranial bones, the cervical spine (especially the upper three vertebrae), the hyoid bone and tongue position, and even the pelvic floor through the deep fascial chains.

That's why treating TMJ with a bite splint alone often provides temporary relief that disappears the moment the splint comes out. The underlying mechanical driver hasn't been addressed.

A complete TMJ workup in Advanced SOT examines: sphenoid rotation, temporal bone position, atlas and axis alignment, hyoid elevation, tongue posture, cervical curve, and in some cases sacral position.

The correction sequence matters. Adjust the TMJ before releasing the cranium, and the correction won't hold. Release the cranium first, and the jaw often re-centers on its own before any direct work is needed.","bruxism.jpg","https://puravidablog.vercel.app/","Ready"
"Costocondritis ES","La costocondritis es la inflamación del cartílago que une las costillas al esternón. Produce un dolor agudo y punzante en el pecho que a menudo se confunde con problemas cardíacos, especialmente porque empeora al respirar profundo o al toser.

Lo que la medicina convencional no siempre explica: la costocondritis casi nunca aparece sola. Suele acompañar una desalineación costovertebral (donde la costilla se une a la vértebra dorsal) o una rotación del esternón que estresa crónicamente el cartílago.

El tratamiento típico — antiinflamatorios y ""espera"" — maneja el síntoma. La corrección mecánica elimina la causa. Un ajuste costovertebral específico libera la costilla, permite que el esternón vuelva a centrarse y descarga el cartílago inflamado.

Si sientes dolor en el pecho al respirar profundo y el cardiólogo descartó problemas cardíacos, la siguiente parada lógica es un análisis mecánico de la caja torácica.","costochondritis.jpg","https://puravidablog.vercel.app/","Ready"
"Category III Disc EN","Category III in SOT is reserved for the most severe lumbar presentations: active disc involvement with radiculopathy (nerve root irritation producing leg symptoms).

The hallmarks: sharp pain in the low back or buttock radiating below the knee, worsened by coughing, sneezing, or sitting; weakness or numbness in the leg or foot; and a ""list"" to one side of the spine as the patient tries to find relief.

The Cat III protocol uses pelvic blocks in a specific configuration that creates gentle distractive force through the lumbar discs. This is combined with abdominal work, specific respiratory cues, and careful cervical and cranial release to reduce global nervous system tension.

Most Cat III patients are told they need surgery. In Dr. Foss's practice, fewer than 5% ultimately do. The disc, given proper mechanics and time, is one of the body's most regenerative tissues — but only if the mechanical compression is relieved.","radiculopathy.jpg","https://puravidablog.vercel.app/","Ready"
"Cranial Babies ES","Los recién nacidos reciben una de las compresiones más intensas que cualquier humano experimenta: el paso por el canal de parto. La cabeza del bebé está diseñada para moldearse — las 22 placas óseas se superponen temporalmente para caber.

La mayoría de los bebés desdoblan su cráneo en las primeras 48 horas. Pero cuando hay: parto prolongado, uso de fórceps, extracción con vacío, cesárea de emergencia después de trabajo de parto, o posición occipito-posterior prolongada, partes del cráneo pueden quedar comprimidas durante semanas o meses.

Síntomas comunes del patrón craneal no resuelto: cólico, reflujo, problemas de agarre al pecho, preferencia de giro de cabeza, aplanamiento occipital, llanto excesivo sin causa clara, y trastornos del sueño.

La Craniopatía SOT pediátrica usa contactos tan suaves como el peso de una moneda. La corrección temprana previene años de compensaciones posteriores.","torticollis.jpg","https://puravidablog.vercel.app/","Ready"
"Shoulder Impingement EN","Shoulder impingement isn't really a shoulder problem — it's a shoulder symptom.

The rotator cuff tendons get pinched when the humeral head rides too high in the glenoid socket. What determines the height of the humeral head? The clavicle, the scapula, the cervical spine, the first rib, and ultimately the position of the entire upper body.

Forward head posture alone — common in desk workers — protracts the scapula, rotates the clavicle downward, and guarantees that every overhead motion will impinge the supraspinatus.

The standard treatment of cortisone injections and physical therapy addresses the inflammation and strengthens the cuff, but if the postural mechanics aren't corrected, the impingement returns.

SOT evaluation of the cervicothoracic junction, first rib, scapular position, and cranial contribution to posture often resolves ""impingement"" that hasn't responded to other care.","shoulder-impingement.jpg","https://puravidablog.vercel.app/","Ready"
"Niños ADHD ES","El TDAH no es una sola enfermedad — es una descripción de un grupo de síntomas: inatención, hiperactividad, impulsividad. Los síntomas pueden venir de muchas causas, y la mecánica craneal es una que rara vez se examina.

La circulación del líquido cefalorraquídeo afecta directamente la función del lóbulo frontal, la zona del cerebro responsable de la atención y el control de impulsos. Cuando el flujo está comprometido por restricciones craneales — frecuentemente originadas en el parto — la función frontal sufre.

Los niños con TDAH a menudo muestran patrones consistentes en el examen craneosacral: restricción occipital, asimetría del temporal y compresión sutil del esfenoides.

La Craniopatía SOT pediátrica no ""cura"" el TDAH, pero muchos padres reportan mejoras notables en concentración, sueño y regulación emocional después de varias semanas de corrección. Frecuentemente es la pieza que faltaba en un plan integral.","adhd.jpg","https://puravidablog.vercel.app/","Ready"
"Frozen Shoulder EN","Frozen shoulder (adhesive capsulitis) is one of the most misunderstood conditions in orthopedics. The capsule surrounding the shoulder joint contracts and thickens, dramatically limiting motion — especially external rotation.

Conventional treatment offers physical therapy, cortisone, hydrodilation, and eventually manipulation under anesthesia. It typically takes 18–36 months to resolve.

What's less discussed: frozen shoulder has a strong autonomic component. It's more common in people with diabetes, thyroid dysfunction, and prolonged emotional stress. The stellate ganglion and the upper thoracic sympathetic chain play a central role in the pathology.

This is where CMRT becomes invaluable. Addressing T1-T4 along with the cervical-thoracic junction and the relevant cranial correction can shift the autonomic tone, reduce the inflammatory cycle, and accelerate resolution well beyond what manual capsular work alone can achieve.","rotator-cuff.jpg","https://puravidablog.vercel.app/","Ready"
"Pinched Nerve Truth ES","""Nervio pinzado"" es un término que se usa demasiado — pero rara vez describe lo que realmente pasa. Los nervios no se ""pinzan"" como un cable. Lo que ocurre es más sutil y más tratable.

El nervio puede estar: (1) comprimido mecánicamente por un disco, (2) irritado químicamente por inflamación local, (3) tensado por una cadena miofascial acortada, o (4) privado de riego sanguíneo por una vasoconstricción autonómica crónica.

Cada mecanismo requiere un enfoque diferente. Un ajuste estructural resuelve la compresión mecánica. El trabajo de tejidos blandos y el CMRT abordan la inflamación y la tensión. La corrección craneosacral regula el tono autonómico.

Por eso un solo tratamiento rara vez soluciona un nervio ""pinzado"" crónico — pero un abordaje multinivel casi siempre lo hace.","pinched-nerve.jpg","https://puravidablog.vercel.app/","Ready"
"Cranial TMJ EN","If you have TMJ pain, jaw clicking, or jaw locking, there's a high probability your cranial mechanics are involved. The temporomandibular joint sits at the intersection of six cranial bones, and each of them influences how the joint tracks and loads.

The temporal bone houses the socket (mandibular fossa) that the jaw fits into. If the temporal rotates — from whiplash, a fall, prolonged dental work, or chronic bruxism — the socket no longer sits symmetrically, and the jaw has no stable ""home"" to return to.

Bite splints try to compensate by creating an artificial stable surface. SOT Craniopathy addresses the root: it repositions the temporal, releases the sphenoid, and allows the TMJ to re-center on its own native track.

Many patients who've worn splints for years find that after a few cranial sessions, the splint becomes unnecessary — the jaw simply finds its place.","bruxism.jpg","https://puravidablog.vercel.app/","Ready"
"Reflujo Infantil ES","El reflujo infantil es tan común que muchos pediatras lo consideran ""normal"" y prescriben medicación supresora de ácido. Pero el reflujo persistente rara vez es aleatorio — casi siempre hay una causa mecánica detrás.

Las causas más frecuentes en bebés: compresión del nervio vago en el agujero yugular (por tensión occipital del parto), restricción del diafragma, disfunción de T5-T6 que afecta la inervación del esfínter esofágico, y posiciones de amamantamiento subóptimas.

La Craniopatía SOT pediátrica evalúa específicamente el occipucio y el agujero yugular. Cuando el nervio vago se libera, la función del esfínter esofágico se restaura y muchos bebés dejan de reflujar en días — sin medicación.

Si tu bebé tiene reflujo persistente, vale la pena investigar la mecánica antes de aceptar años de medicación.","reflux.jpg","https://puravidablog.vercel.app/","Ready"
"Text Neck EN","""Text neck"" is the modern epidemic nobody saw coming. The average human head weighs 10–12 pounds when balanced over the shoulders. For every inch the head drifts forward, the effective weight on the cervical spine doubles.

Looking at a phone typically positions the head 3–4 inches forward — which translates to 40–60 pounds of effective load on the neck, sustained for hours every day.

The predictable results: chronic neck and upper back pain, tension headaches, TMJ dysfunction, shoulder impingement, even thoracic outlet syndrome with arm tingling. In teenagers, the changes are showing up as cervical curve reversal on X-rays at ages 14–16.

SOT addresses text neck not just by adjusting the neck, but by correcting the entire postural chain: pelvis, thoracic spine, cervical curve, and cranial position. The short-term symptom and the long-term structural damage both need attention.","text-neck.jpg","https://puravidablog.vercel.app/","Ready"
"Alergias ES","Las alergias estacionales son un ejemplo clásico de disfunción autonómica. El sistema inmune reacciona exageradamente a estímulos normalmente inofensivos — polen, polvo, caspa — porque la regulación del sistema nervioso simpático está desajustada.

El control autonómico de las mucosas nasales y los senos paranasales viene principalmente de las vértebras cervicales superiores y de los huesos esfenoides y etmoides del cráneo. Si estas estructuras están restringidas, la respuesta inmune se vuelve reactiva en lugar de regulada.

El CMRT y la Craniopatía SOT trabajan juntos para normalizar esta regulación. Muchos pacientes con alergias crónicas reportan reducciones significativas después de varias semanas de corrección — y algunos dejan los antihistamínicos por completo.

No es magia. Es un sistema nervioso que finalmente regula apropiadamente el sistema inmunológico.","allergies.jpg","https://puravidablog.vercel.app/","Ready"
"Piriformis Syndrome EN","Piriformis syndrome mimics sciatica perfectly — pain from the buttock down the leg, worse with sitting — but the cause is completely different.

Instead of a disc compressing a nerve root, the piriformis muscle (deep in the buttock) spasms and traps the sciatic nerve as it passes underneath (or, in 15% of people, directly through) the muscle.

The distinction matters because disc treatment and piriformis treatment are almost opposite. Disc patients need to avoid hip flexion; piriformis patients need to actively mobilize the hip.

SOT tests for piriformis syndrome with specific orthopedic maneuvers — FAIR test, Pace's sign, active Piriformis stretch — and the correction involves pelvic block placement, specific soft tissue release of the piriformis, and often correction of the sacroiliac joint it attaches to.

Many ""failed sciatica"" cases turn out to be piriformis syndrome misdiagnosed for years.","piriformis.jpg","https://puravidablog.vercel.app/","Ready"
"Tendinitis Crónica ES","La tendinitis es una inflamación aguda de un tendón. Lo que muchas personas tienen en realidad es tendinosis — una degeneración crónica del tendón sin inflamación activa. Los dos requieren tratamientos completamente diferentes.

La tendinitis responde al hielo, antiinflamatorios y descanso corto. La tendinosis empeora con ese enfoque. Necesita carga progresiva, liberación miofascial, corrección biomecánica de la cadena cinética, y a menudo terapia con ondas de choque o láser Clase IV para estimular la reparación colágena.

Por eso un ""codo de tenista"" que no mejora en 6 semanas con reposo probablemente no sea tendinitis — es tendinosis, y el reposo la empeora.

El análisis SOT incluye la cadena completa desde el cuello hasta la mano, identificando las fuentes de carga asimétrica que siguen degradando el tendón. Corrige la mecánica, elimina la causa.","tendonitis.jpg","https://puravidablog.vercel.app/","Ready"
"Forward Head Posture EN","Forward head posture is the most common postural deviation in modern adults — and one of the most damaging.

The upper cervical spine (C0-C2) carries an enormous neurological burden: brainstem structures, vertebral arteries, and the roots of cranial nerves IX, X, and XI all pass through this region. Chronic mechanical stress here contributes to dizziness, vagal dysfunction, swallowing issues, and even cardiovascular irregularities.

The typical postural correction focuses on strengthening the deep neck flexors and stretching the chest. That's part of it. But without correcting the cranial base position and the thoracic kyphosis that's driving the head forward, the exercises produce limited results.

SOT addresses forward head posture as a whole-system problem: pelvic tilt, thoracic kyphosis, cervical curve, occipital-atlas relationship, and sphenoid rotation. Correct the chain, and the head returns to neutral naturally.","posture.jpg","https://puravidablog.vercel.app/","Ready"
"Ciática Piriforme ES","Muchos pacientes llegan con un diagnóstico de ""ciática"" que en realidad es síndrome del piriforme. Los síntomas se parecen — dolor en el glúteo que baja por la pierna — pero la fuente es totalmente diferente.

En la ciática clásica, el disco lumbar comprime la raíz nerviosa. En el síndrome del piriforme, el músculo piriforme (profundo en el glúteo) se contractura y atrapa al nervio ciático a su paso.

¿Cómo distinguir? El dolor del piriforme empeora al sentarse sobre superficies duras, al subir escaleras y al cruzar la pierna. El dolor discal empeora al toser, al estornudar y al inclinarse hacia adelante.

El tratamiento también difiere: el disco necesita descompresión y reposo de flexión; el piriforme necesita movimiento, estiramiento y liberación miofascial. Un diagnóstico impreciso lleva a meses de tratamiento equivocado.","piriformis.jpg","https://puravidablog.vercel.app/","Ready"
"Numbness Tingling EN","Numbness and tingling in the hands or feet is always a signal — the question is, from where?

The nerves that produce tingling travel long distances from the spinal cord to the fingertips or toes. Between those two points, the nerve can be compressed at several common sites: the cervical or lumbar spine, the scalenes or thoracic outlet, the piriformis or tarsal tunnel, and finally the carpal or tarsal tunnel at the wrist or ankle.

""Double crush"" and even ""triple crush"" patterns — where two or three compression points contribute simultaneously — are very common. Treating only one site leaves the symptom partially resolved and guarantees recurrence.

SOT evaluation tracks the nerve from spinal exit to extremity. When every compression point is identified and corrected, numbness that's persisted for years often resolves completely.","numbness-tingling.jpg","https://puravidablog.vercel.app/","Ready"
"Insomnio ES","El insomnio no es solo ""no poder dormir"". Existen diferentes tipos: insomnio de inicio (no puedes conciliar el sueño), insomnio de mantenimiento (te despiertas a las 3 AM), y sueño no restaurador (duermes pero no descansas).

Cada tipo apunta a un mecanismo diferente. El insomnio de inicio suele reflejar hiperactivación del sistema nervioso simpático. El de mantenimiento indica ciclos de cortisol alterados. El no restaurador frecuentemente está relacionado con el flujo craneal y del líquido cefalorraquídeo.

La Categoría I de SOT aborda específicamente el mecanismo craneosacral — el pump que mueve el líquido cefalorraquídeo alrededor del cerebro durante el sueño profundo. Cuando este pump no funciona bien, el sueño se vuelve superficial y no restaurador.

Muchos pacientes con insomnio crónico notan mejoras significativas después de corregir la mecánica craneal, incluso cuando años de medicación no habían ayudado.","insomnia.jpg","https://puravidablog.vercel.app/","Ready"
"Degenerative Disc EN","Degenerative disc disease is a misleading name. The discs aren't diseased — they're dehydrated. Intervertebral discs are 80% water at birth. By age 70, they're closer to 65%.

As discs lose water, they lose height. The vertebrae above and below come closer together, the facet joints take on unusual loading, and the foramen where the nerve exits narrows. Pain, stiffness, and occasional radicular symptoms follow.

Nothing can fully reverse disc dehydration. But the mechanical consequences can be minimized. SOT Category II and III protocols restore normal disc loading, reduce facet arthropathy, and maintain foraminal space.

CMRT addresses the inflammatory component by normalizing autonomic regulation. Cranial correction supports cerebrospinal fluid flow, which hydrates the disc's annular fibers through osmotic pressure.

The goal isn't to ""cure"" degeneration. It's to make sure the degeneration you have never becomes the disability you feared.","degenerative-disc.jpg","https://puravidablog.vercel.app/","Ready"
"Dolor Ciático ES","El nervio ciático es el más grande del cuerpo — del grosor de un pulgar en su origen. Cuando este nervio se irrita, el dolor puede extenderse desde la zona lumbar hasta el pie, a menudo con hormigueo, ardor o debilidad.

No todo dolor que baja por la pierna es ciática ""pura"". Puede venir de: hernia discal L4-L5 o L5-S1, estenosis foraminal, síndrome del piriforme, disfunción sacroilíaca, o atrapamiento del nervio cutáneo femoral.

Distinguir la causa es todo. La hernia empeora al sentarse; el piriforme empeora al caminar; la disfunción sacroilíaca empeora al rotar la pelvis.

SOT evalúa cada una de estas posibilidades antes de decidir el protocolo. Categoría III para el disco, técnicas de liberación del piriforme para el músculo, bloques pélvicos específicos para el sacroilíaco. El tratamiento correcto depende del diagnóstico correcto.","sciatica.jpg","https://puravidablog.vercel.app/","Ready"
"Cranial Post-Dental EN","One of the most under-recognized causes of chronic headaches, TMJ, and even vertigo is prolonged dental work. A two-hour dental appointment with the jaw forced open puts enormous stress on the temporal bones, the sphenoid, and the upper cervical spine.

Most of the time, the cranial system recovers on its own. But after: wisdom tooth extraction, long restorative procedures, orthodontic treatment, or dental trauma, the cranial bones can remain subtly jammed for months or years.

Symptoms that appear ""mysteriously"" in the weeks following extensive dental work are often cranial in origin: pressure headaches, jaw clicking, clogged ears, vertigo at certain head positions, and that unmistakable sense that ""something shifted"" since the dental appointment.

An SOT craniopath can evaluate and correct these patterns with contacts as light as the weight of a coin. The symptoms that ""came from nowhere"" often resolve equally quickly.","bruxism.jpg","https://puravidablog.vercel.app/","Ready"
"Vértigo Postural ES","El vértigo posicional paroxístico benigno (VPPB) es la causa más común de vértigo en adultos. Los episodios duran segundos a minutos y se desencadenan con movimientos específicos de la cabeza: acostarse, girar en la cama, mirar hacia arriba.

La causa mecánica: pequeños cristales de carbonato de calcio (otolitos) se desprenden del utrículo y migran a los canales semicirculares, donde perturban las señales de equilibrio.

Las maniobras de Epley o Semont reposicionan los cristales — pero solo funcionan correctamente si el hueso temporal (que contiene los canales) se mueve libremente.

La Craniopatía SOT evalúa el temporal, el occipucio y la articulación atlanto-occipital antes y después de la maniobra de reposicionamiento. Cuando la mecánica craneal es óptima, el VPPB se resuelve — y rara vez regresa. Sin esa corrección, los episodios suelen recurrir en semanas.","vertigo.jpg","https://puravidablog.vercel.app/","Ready"
"Dizziness Causes EN","Dizziness is one of the most common complaints in medical offices — and one of the most frequently misdiagnosed. The term covers at least four distinct phenomena: vertigo (the room spinning), presyncope (feeling faint), disequilibrium (unsteady on feet), and lightheadedness.

Each has a different cause. Vertigo is usually inner-ear related. Presyncope is often vascular. Disequilibrium points to proprioception or vestibular integration. Lightheadedness is frequently autonomic.

The common denominator in a surprising number of cases is the upper cervical spine and the occiput. These structures house or communicate with the vestibular apparatus, the vertebral arteries, and the vagus nerve — all central to balance and autonomic regulation.

SOT evaluation of the C0-C1-C2 complex, combined with cranial assessment of the temporal bone and occiput, frequently resolves dizziness that's resisted medication and vestibular therapy for years.","dizziness.jpg","https://puravidablog.vercel.app/","Ready"
"Dismenorrea ES","La dismenorrea — los cólicos menstruales severos — afecta al 50-90% de las mujeres en edad reproductiva. La medicina convencional ofrece antiinflamatorios, anticonceptivos hormonales y, en casos severos, cirugía laparoscópica.

Lo que rara vez se explora es la mecánica pélvica y el control autonómico del útero. El útero recibe inervación de T10-L2 y del plexo sacro. Cuando estas vértebras están desalineadas, el útero puede contraer de forma más intensa y menos coordinada durante la menstruación, produciendo los cólicos severos.

El CMRT dirigido a T10-L2 y la corrección sacral suelen reducir la intensidad de los cólicos en 2-3 ciclos. La técnica Webster también normaliza la posición uterina mejorando el drenaje venoso pélvico.

Muchas mujeres han vivido con dismenorrea aceptándola como ""normal"". No lo es — y hay opciones mecánicas que funcionan.","dysmenorrhea.jpg","https://puravidablog.vercel.app/","Ready"
"CMRT Adrenals EN","Adrenal fatigue isn't a formal medical diagnosis — but the pattern is unmistakable. Patients describe: exhaustion that coffee doesn't touch, a ""second wind"" at 10 PM that keeps them from falling asleep, salt cravings, low blood pressure on standing, and emotional fragility under stress.

The adrenal glands receive sympathetic innervation from T9-T12. Chronic subluxation in this region keeps the adrenals in a constantly activated state — essentially demanding they produce cortisol around the clock — until they can't keep up.

CMRT at T9-T12 combined with specific soft tissue reflex work over the adrenal points (roughly two inches above the umbilicus, two inches lateral) helps normalize the autonomic signal.

Combine that with addressing the cranial respiratory mechanism (which regulates HPA axis function through CSF flow), and patients often report a recovery of energy and resilience they hadn't felt in years.","chronic-pain.jpg","https://puravidablog.vercel.app/","Ready"
"Bruxismo Craneal ES","El bruxismo — apretar o rechinar los dientes — afecta aproximadamente al 10% de los adultos y hasta al 30% de los niños. La mayoría de los tratamientos se enfocan en férulas nocturnas, relajantes musculares o inyecciones de Botox en los maseteros.

Lo que pocos examinan: el bruxismo es frecuentemente una respuesta del sistema nervioso a una restricción craneal. Cuando el esfenoides, el temporal o el occipucio están comprimidos, el cerebro busca liberar la presión — y el apretar los dientes activa las inserciones musculares que mueven esos huesos.

Además, el bruxismo severo empeora la disfunción de la ATM en un círculo vicioso que puede durar décadas.

La Craniopatía SOT libera la restricción primaria. Una vez que el cráneo se mueve bien, el bruxismo frecuentemente disminuye o desaparece — incluso sin férula.","bruxism.jpg","https://puravidablog.vercel.app/","Ready"
"Runner's Posture EN","Runners develop injuries at rates of 50-70% per year. Most of those injuries — plantar fasciitis, IT band syndrome, runner's knee, shin splints, stress fractures — aren't caused by the tissue that hurts. They're caused by biomechanical patterns several links up the chain.

A pelvic rotation creates a functional leg length discrepancy. The shorter leg overpronates to reach the ground. Overpronation drives the tibia into internal rotation. That forces the femur to compensate, which stresses the IT band. The trunk leans to counterbalance, which overloads the opposite hip flexor and eventually strains the opposite shoulder.

This is why runners often develop pain on one side, then the opposite side, then somewhere new — each injury is a compensation for the last.

SOT evaluates the whole kinetic chain, starting with the pelvis and working up. Correct the foundation, and the downstream injuries stop appearing.","achilles.jpg","https://puravidablog.vercel.app/","Ready"
"Problemas Digestivos ES","Los problemas digestivos crónicos — síndrome del intestino irritable, estreñimiento, hinchazón, reflujo — afectan a más del 30% de los adultos en EE.UU. Los tratamientos médicos convencionales se enfocan en suprimir síntomas: antiácidos, laxantes, antiespasmódicos.

El intestino recibe inervación autonómica principalmente de T5 a L2, del nervio vago (del tallo cerebral, saliendo por el agujero yugular del cráneo), y del plexo mesentérico. Cualquier disfunción mecánica en estas rutas afecta directamente la motilidad y la secreción digestiva.

El CMRT aborda específicamente las conexiones vértebra-órgano del sistema digestivo. La Craniopatía SOT libera la compresión del nervio vago en el occipucio.

Muchos pacientes con problemas digestivos ""incurables"" por años reportan cambios notables cuando la mecánica nerviosa se restaura. No reemplaza la nutrición o el manejo del estrés, pero es frecuentemente la pieza que faltaba.","ibs.jpg","https://puravidablog.vercel.app/","Ready"
"Shockwave Therapy EN","Shockwave therapy uses high-energy acoustic waves to stimulate healing in chronic musculoskeletal injuries. It's one of the most researched modalities in physical medicine — with over 300 clinical trials supporting its use in plantar fasciitis, tennis elbow, chronic tendonitis, and bone non-unions.

The mechanism: shockwaves create controlled micro-trauma in degenerated tissue, triggering a fresh inflammatory response and angiogenesis (new blood vessel formation). The tissue that was stuck in chronic degeneration is prompted to remodel.

Unlike cortisone, which suppresses healing, shockwave accelerates it. Unlike surgery, there's no recovery period. Patients walk in, receive 5-15 minutes of treatment, and walk out.

At Pura Vida, shockwave is combined with SOT mechanical correction. Addressing the underlying biomechanical cause along with the degenerated tissue produces outcomes far beyond what either approach delivers alone.","tendonitis.jpg","https://puravidablog.vercel.app/","Ready"
"SoftWave ES","La terapia SoftWave es una generación avanzada de terapia de ondas de choque — no focalizada, electrohidráulica, que cubre áreas más grandes y estimula células madre directamente en el tejido tratado.

Los estudios muestran que SoftWave recluta células madre mesenquimales, estimula la angiogénesis (formación de nuevos vasos sanguíneos) y regula la inflamación crónica. Es especialmente efectiva para tendinopatías, fascitis plantar, codo de tenista/golfista, y problemas articulares con cartílago degradado.

A diferencia de los tratamientos invasivos, SoftWave no requiere agujas, anestesia ni tiempo de recuperación. Las sesiones duran 5-15 minutos.

En Pura Vida combinamos SoftWave con la corrección biomecánica SOT. Tratar el tejido degenerado sin corregir la carga asimétrica que lo degeneró es un error común — la tecnología avanza más rápido cuando la mecánica también se resuelve.","plantar-fasciitis.jpg","https://puravidablog.vercel.app/","Ready"
"Class IV Laser EN","Class IV laser therapy uses high-powered infrared light to penetrate deep into tissue — reaching structures up to four inches below the skin surface. At those depths, the laser energy is absorbed by mitochondria, stimulating ATP production and accelerating cellular repair.

Research supports Class IV laser for: chronic tendonitis, acute sprains, disc-related nerve pain, neuropathy, and post-surgical recovery. Unlike cold lasers, the power is high enough to produce thermal effects that further increase blood flow and reduce pain.

The treatment feels like a warm sensation — no needles, no recovery, no downtime. Most sessions last 5-10 minutes.

At Pura Vida, Class IV laser complements SOT and CMRT for acute flares, post-injury recovery, and stubborn chronic conditions where additional cellular stimulation accelerates the healing the mechanical correction has already set up.","chronic-pain.jpg","https://puravidablog.vercel.app/","Ready"
"Ondas de Choque ES","La terapia de ondas de choque ha sido usada en medicina por más de 40 años — originalmente para disolver cálculos renales, y desde los años 90 para lesiones musculoesqueléticas crónicas.

El mecanismo: ondas acústicas de alta energía crean micro-trauma controlado en tejido degenerado, desencadenando una nueva respuesta de curación. Angiogénesis, reclutamiento de células madre, y remodelación del colágeno.

Es una de las modalidades más respaldadas por evidencia para: fascitis plantar crónica, codo de tenista, tendinopatía aquilea, hombro congelado, y consolidación ósea retardada.

En Pura Vida, las ondas de choque no son un tratamiento aislado. Se combinan con la corrección SOT de la mecánica que generó la lesión en primer lugar. Tratar solo el síntoma deja intacta la causa — corregir ambos acelera la recuperación drásticamente.","plantar-fasciitis.jpg","https://puravidablog.vercel.app/","Ready"
"Infants Birth Injury EN","Birth is one of the most physically demanding events a human ever experiences. For babies, the skull compresses up to 20-30% of its diameter to pass through the birth canal. In most cases, the cranial bones unmold naturally within 48 hours.

For some infants, the unmolding is incomplete. Interventions that increase the risk include: vacuum extraction, forceps delivery, prolonged pushing stages, and emergency cesarean after labor has begun.

Hidden birth trauma shows up weeks later as: colic that doesn't respond to formula changes, persistent head-turn preference, latching problems, plagiocephaly, reflux, sleep disruption, and excessive crying.

The SOT pediatric craniopathy protocol uses contact pressures measured in grams. The corrections are so light that many parents ask ""is that all?"" — and yet the results, when the mechanical pattern is identified correctly, can be dramatic.","torticollis.jpg","https://puravidablog.vercel.app/","Ready"
"Embarazo Protocolo ES","El embarazo es un evento biomecánico extremo. En 40 semanas, el cuerpo materno cambia su centro de gravedad, aumenta el volumen sanguíneo en un 50%, produce cantidades masivas de relaxina (que afloja todos los ligamentos), y ajusta la mecánica pélvica para el parto.

Estos cambios pueden producir: dolor sacroilíaco, dolor lumbar, ciática, dolor del ligamento redondo, disfunción de la sínfisis púbica, dolores de cabeza, acidez, y presentación subóptima del bebé.

El protocolo SOT prenatal — incluyendo la Técnica Webster — aborda específicamente estos patrones. Los ajustes se realizan con bloques pélvicos modificados para acomodar el abdomen. No hay torsión forzada. Solo corrección suave y neurológicamente precisa.

Es seguro en los tres trimestres. Muchas mamás reportan menos dolor, mejor sueño, partos más cortos y bebés que se posicionan mejor cuando reciben cuidado SOT regular durante el embarazo.","pregnancy-pain.jpg","https://puravidablog.vercel.app/","Ready"
"Round Ligament EN","Round ligament pain is one of the most common and most misunderstood discomforts of pregnancy. Sharp, stabbing sensations in the lower abdomen or groin — especially with position changes, sneezes, or rolling over in bed — can be alarming.

The round ligaments attach the upper corners of the uterus to the pubic tubercles. As pregnancy progresses, they stretch dramatically — sometimes too quickly for the tissue to adapt comfortably.

What most prenatal care providers don't mention: round ligament pain is often asymmetric because the pelvis is rotated. If one side of the pelvis is tilted higher, one round ligament stretches more than the other, producing the characteristic one-sided pain.

The Webster Technique corrects the pelvic rotation that drives the asymmetric stretch. Once the pelvis is balanced, the ligaments can accommodate the growing uterus without the sharp, alarming twinges.","round-ligament-pain.jpg","https://puravidablog.vercel.app/","Ready"
"Cólico Infantil ES","El cólico infantil afecta a 1 de cada 5 bebés. Llanto inconsolable, por más de 3 horas al día, más de 3 días a la semana, durante más de 3 semanas — la definición clásica. La medicina convencional ofrece: ""pasará"", simeticona, cambios de fórmula, probióticos.

Lo que no siempre se examina: la mecánica craneal y cervical del bebé. El parto vaginal coloca una enorme presión en el occipucio y la articulación atlanto-occipital. Cuando estas áreas permanecen comprimidas, el nervio vago — que inerva el tracto digestivo — no funciona óptimamente. El resultado: motilidad intestinal alterada, gas, y el llanto característico del cólico.

La Craniopatía SOT pediátrica evalúa específicamente estas estructuras. Muchos bebés con cólico ""incurable"" mejoran notablemente después de 2-3 sesiones de corrección craneal muy suave. Sin medicación, sin fórmulas especiales.","torticollis.jpg","https://puravidablog.vercel.app/","Ready"
"Ear Infections EN","Chronic ear infections in children are one of the most common reasons for antibiotic use and, eventually, surgical placement of tympanostomy tubes. What's rarely discussed is why the infections keep coming back.

The eustachian tube drains the middle ear into the back of the throat. In children, this tube is nearly horizontal — making drainage gravity-dependent on the tube's exact angle and the mobility of the surrounding tissue.

The temporal bone houses the eustachian tube. If the temporal is rotated from birth trauma or a childhood fall, the tube angle changes and drainage suffers. Fluid accumulates, bacteria thrive, and infections recur.

SOT Craniopathy for pediatric ear infections focuses on the temporal bone and the surrounding occiput and sphenoid. Many parents report dramatic reductions in infection frequency after several gentle sessions — often avoiding tubes altogether.","torticollis.jpg","https://puravidablog.vercel.app/","Ready"
"Dolor de Hombro ES","El dolor de hombro persistente rara vez viene solo del hombro. La articulación glenohumeral depende de la posición de siete estructuras: escápula, clavícula, primera costilla, columna cervical, columna torácica, pelvis, y incluso el cráneo (a través de la cadena postural).

Los diagnósticos comunes — tendinitis del manguito rotador, bursitis subacromial, síndrome de pinzamiento — describen el síntoma pero no la causa. La causa suele ser biomecánica: una escápula protraída, una clavícula rotada, o una cabeza anterior que cambia la mecánica del hombro en cada movimiento.

SOT aborda la cadena postural completa. Cuando la pelvis se nivela, la columna se enderezarta, la escápula vuelve a su posición neutral, y el hombro tiene espacio para moverse sin impactar contra el acromion.

Muchos dolores de hombro ""crónicos"" no son crónicos — son mal diagnosticados.","shoulder-impingement.jpg","https://puravidablog.vercel.app/","Ready"
"Sleep Science EN","Sleep isn't just rest — it's the most active restorative process your brain performs. During deep sleep, cerebrospinal fluid flushes metabolic waste (including beta-amyloid, the plaque associated with Alzheimer's) from the brain through the recently-discovered glymphatic system.

That flushing depends on the cranial respiratory mechanism. The 22 bones of the skull pump subtly during sleep, driving CSF through the glymphatic channels at rates up to 60% greater than when awake.

When cranial mobility is restricted — from whiplash, prolonged dental work, head injury, or chronic stress — the glymphatic pump weakens. Sleep becomes less restorative. Over years, this contributes to cognitive decline, mood disorders, and chronic inflammatory conditions.

SOT Category I and SOT Craniopathy directly address the cranial pump. Patients commonly report deeper, more restorative sleep after just a few sessions — often the first real rest they've had in years.","insomnia.jpg","https://puravidablog.vercel.app/","Ready"
"Plantar Fasciitis ES","La fascitis plantar es la causa más común de dolor de talón en adultos. El dolor típico: agudo al dar los primeros pasos en la mañana, mejora con el movimiento, pero regresa al estar mucho tiempo de pie.

La inflamación está en la fascia plantar, pero la causa rara vez está ahí. Las causas más comunes: mecánica pronadora del pie, desequilibrio pélvico con pierna funcionalmente corta, tensión del gastrocnemio y sóleo, y disfunción sacroilíaca que cambia la carga del pie al caminar.

El tratamiento típico — plantillas, estiramientos, inyecciones de cortisona — maneja el síntoma local. La corrección SOT aborda la cadena completa desde el pie hasta la pelvis y el cráneo.

Combinado con terapia de ondas de choque sobre la fascia degenerada, la recuperación suele ser mucho más rápida que con cualquier enfoque aislado.","plantar-fasciitis.jpg","https://puravidablog.vercel.app/","Ready"
"Arthritis Truth EN","Osteoarthritis affects an estimated 32 million American adults. Imaging often shows ""bone-on-bone"" changes, and many patients are told: ""You'll need a joint replacement eventually.""

But here's the overlooked truth: osteoarthritis seen on imaging correlates only weakly with pain. Studies consistently show that 30-50% of people with significant radiographic arthritis have no symptoms at all — and some with severe pain have minimal imaging findings.

What actually drives the pain is usually: altered joint mechanics that concentrate load in one spot, muscle imbalance, inflammation from autonomic dysfunction, and often referred pain from neighboring structures.

SOT doesn't reverse the cartilage loss. But by correcting the mechanics that overload the damaged area, releasing the muscular compensations, and normalizing the autonomic inflammatory tone, it frequently reduces pain dramatically — often enough to delay or avoid joint replacement entirely.","hip-pain.jpg","https://puravidablog.vercel.app/","Ready"
"Bursitis ES","La bursitis es la inflamación de una bolsa serosa (bursa) — pequeños sacos llenos de líquido que reducen la fricción entre tejidos. Las bursas más comúnmente afectadas: subacromial (hombro), trocantérica (cadera), prepatelar (rodilla) y olecraniana (codo).

La bursitis no aparece de la nada. Siempre hay una causa mecánica: fricción excesiva de un tendón sobre la bursa, presión constante por postura anormal, o trauma repetitivo.

El tratamiento típico — hielo, antiinflamatorios, inyecciones de cortisona — reduce la inflamación pero no corrige la fricción. Por eso la bursitis tiende a recurrir.

SOT aborda la causa mecánica. En la bursitis trocantérica, por ejemplo, la pelvis suele estar rotada creando fricción excesiva entre el glúteo medio y la bursa. Al corregir la pelvis, la fricción disminuye, la inflamación se resuelve, y la bursitis rara vez regresa.","bursitis.jpg","https://puravidablog.vercel.app/","Ready"
"Chronic Fatigue EN","Chronic fatigue is one of the most complex complaints in medicine. It sits at the intersection of mitochondrial function, HPA axis regulation, gut-brain communication, cranial mechanics, autonomic balance, and often unrecognized structural stressors.

Patients with chronic fatigue are often told their labs are ""normal"" and there's nothing wrong. That's rarely true — it's that the standard panels miss the dysfunction.

The Advanced SOT approach addresses multiple levels simultaneously: Category I protocols restore the cranial respiratory mechanism that regulates energy at the brainstem level. CMRT addresses adrenal function through T9-T12 and organ-specific reflex points. Cranial work reduces the low-grade neuroinflammation that accompanies many chronic fatigue states.

No chiropractor can cure every cause of chronic fatigue. But for patients whose fatigue has a significant mechanical or autonomic component — and many do — the improvements with Advanced SOT can be life-changing.","chronic-pain.jpg","https://puravidablog.vercel.app/","Ready"
"Estreñimiento Crónico ES","El estreñimiento crónico afecta a aproximadamente el 16% de los adultos, pero pocos hablan de él. La medicina convencional ofrece: más fibra, más agua, laxantes, y en casos severos, cirugía de colectomía.

La mecánica rara vez se examina. Pero el colon recibe inervación del nervio vago (para el colon ascendente y transverso) y del plexo sacro (para el descendente y rectal). Cuando estas rutas nerviosas están comprimidas, la motilidad colónica disminuye.

La compresión del vago ocurre frecuentemente en el agujero yugular del cráneo — un patrón común en pacientes con tensión occipital crónica. El plexo sacro se ve afectado por la disfunción sacroilíaca.

El CMRT dirigido a T10-L2 combinado con la Craniopatía SOT en el occipucio frecuentemente restaura la motilidad normal — a menudo en las primeras semanas de tratamiento. Sin laxantes, sin cirugía.","constipation.jpg","https://puravidablog.vercel.app/","Ready"
"Bedwetting EN","Bed-wetting (nocturnal enuresis) affects an estimated 5 million children in the U.S. It's often dismissed as ""something they'll outgrow"" — but when it persists past age 6, the impact on the child's confidence and social life can be significant.

The standard medical approach: wait, or use medications that work only while taken. The mechanical component is almost never investigated.

Bladder control relies on intact communication between the sacral nerve plexus (S2-S4) and the brainstem via the spinal cord. Sacroiliac dysfunction, pelvic rotation, or upper cervical/cranial restrictions can all subtly disrupt this signaling — especially during deep sleep when cortical inhibition is reduced.

Many pediatric SOT patients with long-standing bed-wetting see dramatic improvement within 4-8 sessions. It's not a cure for every case. But when the mechanical component is present, correcting it often resolves an issue families have struggled with for years.","bruxism.jpg","https://puravidablog.vercel.app/","Ready"
"Latigazo Cervical Crónico ES","El latigazo cervical crónico se desarrolla cuando un accidente aparentemente ""menor"" nunca se resuelve completamente. Semanas o meses después del impacto, aparecen: dolores de cabeza, mareos, tinnitus, niebla mental, fatiga y sensibilidad a la luz.

La razón por la que no se resuelve: el impacto no solo afectó los músculos del cuello — también desalineó el occipucio, el temporal y el esfenoides. Tratar solo el cuello deja intactas estas tres disfunciones craneales clave.

La Craniopatía SOT posterior a un accidente evalúa específicamente estos tres huesos. La corrección craneal frecuentemente resuelve los síntomas ""residuales"" que ningún otro tratamiento había podido eliminar.

No hay tal cosa como un latigazo ""leve"". Incluso impactos a 5 mph producen cambios medibles. La evaluación temprana previene años de síntomas no explicados.","whiplash.jpg","https://puravidablog.vercel.app/","Ready"
"Concussion Recovery EN","A concussion isn't just a brain bruise. The impact that shook the brain also shook every cranial bone, the upper cervical spine, and — depending on the mechanism — often the sacrum and pelvis.

Conventional concussion management focuses on cognitive rest and symptom monitoring. That's appropriate in the acute phase. But for the 30% of patients who develop post-concussion syndrome, the mechanical component remains unaddressed.

The most commonly jammed structures after concussion: the sphenobasilar junction (the hinge between front and back of the skull), the occiput, the temporal bones, and the upper cervical vertebrae. When these don't unmold on their own, CSF flow stays compromised and symptoms linger.

SOT Craniopathy specifically evaluates and releases these structures with contacts measured in grams. Many post-concussion patients who've been ""waiting to heal"" for months see dramatic symptom reduction within the first few visits.","post-concussion.jpg","https://puravidablog.vercel.app/","Ready"
"Dolor de Cuello ES","El dolor de cuello afecta al 30-50% de los adultos cada año. Los tratamientos convencionales — relajantes musculares, fisioterapia, cortisona, eventualmente cirugía de fusión — manejan síntomas pero raramente abordan la causa.

El cuello es el eslabón más móvil del sistema esquelético. Sus 7 vértebras permiten rotación, flexión, extensión y lateralización. Pero esa movilidad viene con un costo: el cuello es también el eslabón más vulnerable a la disfunción compensatoria cuando algo más está mal arriba (cráneo) o abajo (tórax, pelvis).

SOT evalúa el cuello como parte de una cadena completa. Un dolor cervical crónico rara vez es un problema cervical aislado — es el síntoma de una mecánica postural más amplia.

Corrigiendo la cadena completa, desde el cráneo hasta el sacro, el dolor cervical frecuentemente se resuelve sin necesidad de inyecciones ni cirugías.","neck.jpg","https://puravidablog.vercel.app/","Ready"
"Thoracic Outlet EN","Thoracic outlet syndrome (TOS) occurs when the nerves or blood vessels passing from the neck into the arm get compressed — usually somewhere between the scalene muscles, the clavicle, and the pectoralis minor.

Symptoms: numbness, tingling, weakness, or color changes in one hand or arm, often worse with overhead reaching or prolonged driving. Frequently misdiagnosed as carpal tunnel or cervical radiculopathy.

The primary mechanical drivers of TOS: forward head posture, first rib subluxation, rounded shoulders, and clavicular rotation. Addressing the nerve entrapment surgically (cutting muscles or removing the first rib) without correcting the posture rarely produces lasting relief.

SOT assessment of the cervicothoracic junction, first rib, scapular position, and cranial contribution to posture frequently resolves TOS symptoms that have persisted despite multiple other treatments.","thoracic-outlet.jpg","https://puravidablog.vercel.app/","Ready"
"Radiculopatía ES","La radiculopatía es la irritación de una raíz nerviosa al salir de la columna vertebral. Se manifiesta como dolor, hormigueo, debilidad o entumecimiento siguiendo el trayecto exacto del nervio afectado.

Cada raíz tiene su patrón característico. L4: dolor hacia la rodilla y el pie medial. L5: dolor por la cara lateral de la pierna al dedo gordo. S1: dolor por detrás de la pierna al dedo pequeño. C6: dolor del cuello al pulgar. C7: al dedo medio.

La causa más común es discal, pero no siempre. También puede venir de estenosis foraminal, artrosis facetaria severa, o incluso tumor (raro).

La evaluación SOT identifica la raíz afectada y el mecanismo. La Categoría II o III (dependiendo del hallazgo) reduce la compresión sin manipulación forzada. Muchas radiculopatías que parecían requerir cirugía se resuelven con mecánica correcta.","radiculopathy.jpg","https://puravidablog.vercel.app/","Ready"
"Balance Disorders EN","Balance depends on the integration of three systems: vision (what you see), vestibular function (inner ear), and proprioception (sensors in joints, especially in the upper cervical spine).

When one system is impaired, the other two compensate — but only up to a point. Beyond that threshold, balance problems, falls, and dizziness appear.

The upper cervical spine (C0-C2) is the single most proprioceptively dense region of the body. A misalignment here sends false signals to the vestibular nuclei in the brainstem, contributing significantly to balance issues in adults of every age.

SOT evaluation and correction of the upper cervical-cranial complex frequently improves balance in patients who've done vestibular therapy, used medications, and seen specialists without resolution. The missing link is often mechanical — and mechanical problems have mechanical solutions.","dizziness.jpg","https://puravidablog.vercel.app/","Ready"
"Postura Forward Head ES","La postura de cabeza adelantada afecta aproximadamente al 60-90% de los adultos modernos. Por cada pulgada (2.5 cm) que la cabeza se desplaza hacia adelante, el peso efectivo sobre la columna cervical se duplica.

Los resultados predecibles: dolor crónico de cuello y trapecios, dolores de cabeza tensionales, disfunción de la ATM, pinzamiento del hombro, síndrome del opérculo torácico con hormigueo en brazos.

El tratamiento típico — estiramientos del pecho, fortalecimiento de los flexores cervicales profundos — ayuda, pero rara vez es suficiente. La cabeza está adelantada porque la cifosis torácica la empuja hacia adelante, y la cifosis existe porque la pelvis está en retroversión crónica, y la pelvis está así porque los flexores de la cadera están acortados.

SOT aborda la cadena completa. La cabeza regresa a neutral solo cuando los eslabones debajo de ella se corrigen primero.","posture.jpg","https://puravidablog.vercel.app/","Ready"
"Cluster Headaches EN","Cluster headaches are among the most severe pain experiences documented in medicine — often called ""suicide headaches"" because of their intensity. They come in cyclical clusters lasting weeks or months, with sharp, piercing pain on one side of the head, usually around one eye.

Standard treatments: high-flow oxygen, triptans, verapamil, and in severe cases, occipital nerve stimulators or sphenopalatine ganglion blocks.

What's rarely discussed: cluster headaches have a strong autonomic component (tearing, nasal congestion, eyelid drooping on the affected side) and often respond to mechanical correction of the upper cervical spine and the sphenopalatine region of the skull.

SOT Craniopathy with specific attention to the sphenoid, pterygopalatine fossa, and occiput-atlas complex has produced significant relief in many cluster headache patients — including some who had suffered for decades.","cluster-headaches.jpg","https://puravidablog.vercel.app/","Ready"
"Senior Wellness ES","Envejecer bien no es suerte — es mecánica. La diferencia entre un adulto mayor activo y uno limitado por el dolor rara vez está en la edad biológica. Está en cómo se mantiene el sistema neuromusculoesquelético con el tiempo.

Las compensaciones pequeñas — una cadera rígida, una vértebra fijada, una restricción craneal — se acumulan con los años. A los 40 son molestias. A los 60 son limitaciones. A los 80 pueden ser incapacidades.

SOT es especialmente adecuado para adultos mayores por tres razones: la fuerza usada se mide en gramos, no en libras; aborda las compensaciones típicas del envejecimiento; y mejora el flujo del líquido cefalorraquídeo — crucial para la función cognitiva a largo plazo.

Muchos pacientes del Dr. Foss tienen entre 70 y 90 años, moviéndose y pensando como veinte años más jóvenes. La prevención siempre es más efectiva que la reparación.","posture.jpg","https://puravidablog.vercel.app/","Ready"
"Infertility Autonomic EN","Infertility has many causes — hormonal, structural, genetic, and idiopathic. What's often overlooked in the workup: the autonomic and mechanical factors that regulate the reproductive organs.

The ovaries and uterus receive innervation from T10-L2 (sympathetic) and S2-S4 (parasympathetic via the sacral plexus). Chronic subluxation or restriction in these regions dysregulates uterine tone, ovarian blood flow, and the precise hormonal signaling required for conception and implantation.

CMRT protocols specific to the reproductive organs combine vertebral correction with soft tissue reflex work over the lower abdomen. The Webster Technique balances pelvic mechanics, reducing torsion on the uterus and improving vascular drainage.

SOT can't override primary genetic or severe structural infertility causes. But for couples where no clear cause has been identified, mechanical and autonomic optimization has helped many achieve conception after long periods of frustration.","infertility.jpg","https://puravidablog.vercel.app/","Ready"
"Dolor Crónico Integrado ES","El dolor crónico — el que persiste más de 3 meses — es una condición distinta al dolor agudo. No es solo ""dolor agudo que dura mucho"". Es una reorganización del sistema nervioso central donde el cerebro amplifica y perpetúa las señales de dolor.

Por eso los tratamientos que solo abordan el tejido local (inyecciones, cirugía, antiinflamatorios) frecuentemente fallan. El problema no está solo en el tejido — está en la regulación nerviosa de ese tejido.

El enfoque SOT Avanzado aborda los tres niveles simultáneamente: la mecánica local (Categorías I, II, III), la regulación autonómica (CMRT), y la modulación del dolor central (Craniopatía SOT, que afecta el flujo del líquido cefalorraquídeo y la neuroinflamación).

Muchos pacientes con dolor crónico llegan después de años de tratamientos que solo manejaban síntomas. Cuando los tres niveles se corrigen, el dolor frecuentemente se transforma — no porque el tejido cambie, sino porque el sistema nervioso finalmente se regula.","chronic-pain.jpg","https://puravidablog.vercel.app/","Ready"
