Condition,Post_Text,Image_Filename,Blog_URL,Status
Estenosis Espinal,"¿Te han diagnosticado estenosis espinal y te dijeron que la cirugía es tu única opción? No siempre es así. En Pura Vida Chiropractic, el Dr. Dan Foss utiliza protocolos SOT avanzados para descomprimir suavemente el canal espinal y restaurar movilidad — sin bisturí, sin medicamentos. Muchos de nuestros pacientes en San Antonio han evitado la cirugía con nuestro enfoque integral.

👉 Consulta, examen, radiografías y primer ajuste por solo $47: https://puravidasanantonio.com/special/

#EstenosisEspinal #QuiroprácticoSanAntonio #PuraVidaChiropractic #DrDanFoss #SOTChiropractic #SaludNatural #SinCirugía",spinal-stenosis.jpg,https://puravidablog.vercel.app/es/blog/estenosis-espinal-quiropractico-san-antonio,pending
Latigazo Cervical,"¿Sufriste un accidente de auto y todavía sientes dolor en el cuello semanas después? El latigazo cervical no tratado puede convertirse en dolor crónico. El Dr. Dan Foss en Pura Vida Chiropractic se especializa en lesiones de accidentes usando la Técnica Sacro Occipital y ajustes craneales para restaurar la alineación y eliminar el dolor desde la raíz.

👉 Agenda tu cita especial por $47: https://puravidasanantonio.com/special/

#LatigazoCervical #AccidenteDeAuto #QuiroprácticoSanAntonio #PuraVidaChiropractic #DrDanFoss #DolorDeCuello",whiplash.jpg,https://puravidablog.vercel.app/es/blog/latigazo-cervical-quiropractico-san-antonio,pending
Nervio Comprimido,"¿Sientes un dolor que baja por el brazo o la pierna como electricidad? Puede ser un nervio comprimido. En Pura Vida Chiropractic, el Dr. Foss usa protocolos SOT para liberar la presión sobre los nervios y restaurar la función normal — sin inyecciones ni cirugía. Nuestros pacientes en San Antonio sienten alivio desde las primeras visitas.

👉 Primera visita completa por solo $47: https://puravidasanantonio.com/special/

#NervioComprimido #DolorNervioso #QuiroprácticoSanAntonio #PuraVidaChiropractic #DrDanFoss #SinCirugía",pinched-nerve.jpg,https://puravidablog.vercel.app/es/blog/nervio-comprimido-quiropractico-san-antonio,pending
Enfermedad Degenerativa del Disco,"¿Te dijeron que tienes discos degenerativos y que no hay nada que hacer? Eso no es verdad. El Dr. Dan Foss en Pura Vida Chiropractic usa el Protocolo Pura Vida con técnicas SOT especializadas para desacelerar la degeneración, reducir la inflamación y devolverte movilidad. No dejes que un diagnóstico te quite la esperanza.

👉 Empieza tu plan de recuperación por $47: https://puravidasanantonio.com/special/

#DiscoDegenerativo #DolorDeEspalda #QuiroprácticoSanAntonio #PuraVidaChiropractic #DrDanFoss #ColumnaVertebral",degenerative-disc.jpg,https://puravidablog.vercel.app/es/blog/enfermedad-degenerativa-disco-quiropractico-san-antonio,pending
Disco Abultado,"Un disco abultado puede causar dolor intenso, entumecimiento y debilidad. Pero la cirugía NO es la primera opción. En Pura Vida Chiropractic, el Dr. Foss utiliza técnicas SOT de descompresión suave combinadas con láser Clase IV para reducir la inflamación y permitir que el disco sane naturalmente.

👉 Consulta completa por solo $47: https://puravidasanantonio.com/special/

#DiscoAbultado #HerniaDeDisco #QuiroprácticoSanAntonio #PuraVidaChiropractic #DrDanFoss #DolorLumbar",bulging-disc.jpg,https://puravidablog.vercel.app/es/blog/disco-abultado-quiropractico-san-antonio,pending
Dolor Crónico,"Si llevas meses o años viviendo con dolor crónico, tu cuerpo está atrapado en un ciclo de inflamación y disfunción. El Dr. Dan Foss en Pura Vida Chiropractic rompe ese ciclo con el Protocolo Pura Vida — un enfoque integral que trata la columna, los órganos y el cráneo como un solo sistema conectado.

👉 Da el primer paso: consulta por $47: https://puravidasanantonio.com/special/

#DolorCrónico #ManejoDelDolor #QuiroprácticoSanAntonio #PuraVidaChiropractic #DrDanFoss #VidaSinDolor",chronic-pain.jpg,https://puravidablog.vercel.app/es/blog/dolor-cronico-quiropractico-san-antonio,pending
Espasmos Musculares,"¿Tu espalda se traba sin aviso? Los espasmos musculares son la forma en que tu cuerpo protege una zona lesionada. En vez de solo relajar el músculo, el Dr. Foss corrige la causa con ajustes SOT precisos y CMRT para tratar disfunciones reflejas que mantienen tus músculos en tensión constante.

👉 Agenda por solo $47: https://puravidasanantonio.com/special/

#EspasmosMusculares #TensiónMuscular #QuiroprácticoSanAntonio #PuraVidaChiropractic #DrDanFoss #DolorDeEspalda",muscle-spasms.jpg,https://puravidablog.vercel.app/es/blog/espasmos-musculares-quiropractico-san-antonio,pending
Recuperación Posparto,"Mamá, tu cuerpo hizo algo increíble. Ahora merece recuperarse completamente. En Pura Vida Chiropractic, el Dr. Foss ayuda a mamás posparto a realinear la pelvis, restaurar la estabilidad del core y aliviar el dolor de espalda y cuello que viene con cargar y amamantar al bebé. Atención gentil y segura.

👉 Tu consulta posparto por $47: https://puravidasanantonio.com/special/

#Posparto #MamáSaludable #QuiroprácticoSanAntonio #PuraVidaChiropractic #DrDanFoss #RecuperaciónPosparto",postpartum-recovery.jpg,https://puravidablog.vercel.app/es/blog/recuperacion-posparto-quiropractico-san-antonio,pending
Dolor del Ligamento Redondo,"¿Estás embarazada y sientes punzadas agudas en la parte baja del abdomen? Puede ser dolor del ligamento redondo. El Dr. Foss usa la Técnica Webster y protocolos SOT seguros para embarazadas que alivian la tensión pélvica y te permiten disfrutar tu embarazo con menos dolor.

👉 Cita prenatal especial por $47: https://puravidasanantonio.com/special/

#Embarazo #DolorPrenatal #QuiroprácticoSanAntonio #PuraVidaChiropractic #DrDanFoss #QuiroprácticaPrenatal",round-ligament-pain.jpg,https://puravidablog.vercel.app/es/blog/dolor-ligamento-redondo-quiropractico-san-antonio,pending
Síndrome Post-Conmoción,"¿Sufriste un golpe en la cabeza y todavía tienes dolores de cabeza, niebla mental o mareos? El síndrome post-conmoción afecta tu vida diaria. El Dr. Foss es uno de los pocos quiroprácticos en San Antonio certificado en ajustes craneales que ayudan a restaurar el ritmo craneal y la función neurológica.

👉 Evaluación completa por $47: https://puravidasanantonio.com/special/

#Conmoción #AjusteCraneal #QuiroprácticoSanAntonio #PuraVidaChiropractic #DrDanFoss #SaludNeurológica",post-concussion.jpg,https://puravidablog.vercel.app/es/blog/sindrome-post-conmocion-quiropractico-san-antonio,pending
VPPB (Vértigo Posicional),"¿El mundo da vueltas cada vez que mueves la cabeza? El vértigo posicional (VPPB) puede ser debilitante. En Pura Vida Chiropractic, el Dr. Foss combina maniobras de reposicionamiento con ajustes craneales y cervicales SOT para tratar la causa — no solo el síntoma.

👉 Consulta de vértigo por $47: https://puravidasanantonio.com/special/

#Vértigo #VPPB #Mareos #QuiroprácticoSanAntonio #PuraVidaChiropractic #DrDanFoss",bppv.jpg,https://puravidablog.vercel.app/es/blog/vppb-vertigo-posicional-quiropractico-san-antonio,pending
Apoyo al Sistema Inmunológico,"¿Sabías que tu columna vertebral tiene conexión directa con tu sistema inmunológico? Cuando hay subluxaciones, tu sistema nervioso no puede comunicarse bien con tus órganos de defensa. El Dr. Foss usa CMRT y ajustes SOT para optimizar la función inmune de forma natural — sin medicamentos.

👉 Fortalece tu inmunidad: cita por $47: https://puravidasanantonio.com/special/

#SistemaInmune #InmunidadNatural #QuiroprácticoSanAntonio #PuraVidaChiropractic #DrDanFoss #CMRT",immune-support.jpg,https://puravidablog.vercel.app/es/blog/apoyo-inmunologico-quiropractico-san-antonio,pending
Enuresis (Mojar la Cama),"Si tu hijo todavía moja la cama, no es su culpa — puede ser un problema nervioso. Los ajustes quiroprácticos pediátricos del Dr. Foss son suaves y seguros, y ayudan a restaurar la comunicación entre el cerebro y la vejiga. Muchos niños mejoran significativamente en pocas semanas.

👉 Cita pediátrica por $47: https://puravidasanantonio.com/special/

#Enuresis #QuiroprácticaPediátrica #QuiroprácticoSanAntonio #PuraVidaChiropractic #DrDanFoss #SaludInfantil",bedwetting.jpg,https://puravidablog.vercel.app/es/blog/enuresis-mojar-cama-quiropractico-san-antonio,pending
Estreñimiento,"El estreñimiento crónico no es solo incómodo — es una señal de que algo no funciona bien. El Dr. Foss usa la técnica CMRT para ajustar los reflejos que controlan tu sistema digestivo, combinado con ajustes SOT que restauran la comunicación nerviosa entre tu columna y tus intestinos.

👉 Empieza a sentirte mejor: $47: https://puravidasanantonio.com/special/

#Estreñimiento #SaludDigestiva #QuiroprácticoSanAntonio #PuraVidaChiropractic #DrDanFoss #CMRT",constipation.jpg,https://puravidablog.vercel.app/es/blog/estrenimiento-quiropractico-san-antonio,pending
Hinchazón y Gases,"¿Te sientes hinchado después de cada comida? La hinchazón y los gases pueden estar relacionados con disfunción de la válvula ileocecal o subluxaciones torácicas. En Pura Vida Chiropractic, el Dr. Foss trata la causa real con CMRT y ajustes específicos — no solo los síntomas.

👉 Consulta digestiva por $47: https://puravidasanantonio.com/special/

#Hinchazón #ProblemasDigestivos #QuiroprácticoSanAntonio #PuraVidaChiropractic #DrDanFoss #SaludIntestinal",bloating.jpg,https://puravidablog.vercel.app/es/blog/hinchazon-gases-quiropractico-san-antonio,pending
Radiculopatía,"¿Tu doctor te dijo que tienes radiculopatía? Eso significa que una raíz nerviosa está siendo comprimida. Antes de considerar inyecciones o cirugía, el Dr. Foss puede ayudarte con descompresión espinal usando técnicas SOT que liberan la presión sobre el nervio de forma natural y segura.

👉 Evaluación por solo $47: https://puravidasanantonio.com/special/

#Radiculopatía #NervioComprimido #QuiroprácticoSanAntonio #PuraVidaChiropractic #DrDanFoss #DescompresiónEspinal",radiculopathy.jpg,https://puravidablog.vercel.app/es/blog/radiculopatia-quiropractico-san-antonio,pending
Cefaleas en Racimo,"Las cefaleas en racimo son de los dolores más intensos que existen. Si los medicamentos no te dan alivio duradero, hay otra opción. El Dr. Foss usa ajustes craneales y cervicales SOT para restaurar la función vascular y neurológica que contribuye a estos episodios devastadores.

👉 Hay esperanza. Cita por $47: https://puravidasanantonio.com/special/

#CefaleaEnRacimo #DolorDeCabeza #QuiroprácticoSanAntonio #PuraVidaChiropractic #DrDanFoss #AlivioNatural",cluster-headaches.jpg,https://puravidablog.vercel.app/es/blog/cefaleas-racimo-quiropractico-san-antonio,pending
Neuralgia Occipital,"¿Sientes dolor punzante en la base del cráneo que sube hasta la parte de atrás de la cabeza? Puede ser neuralgia occipital. El Dr. Foss se especializa en ajustes del occipucio y atlas con técnica SOT para liberar la compresión del nervio occipital y eliminar ese dolor persistente.

👉 Alivio real por $47: https://puravidasanantonio.com/special/

#NeuralgiaOccipital #DolorDeCabeza #QuiroprácticoSanAntonio #PuraVidaChiropractic #DrDanFoss #AjusteCraneal",occipital-neuralgia.jpg,https://puravidablog.vercel.app/es/blog/neuralgia-occipital-quiropractico-san-antonio,pending
Pinzamiento de Hombro,"¿No puedes levantar el brazo sin dolor? El pinzamiento de hombro ocurre cuando los tendones se comprimen al mover el brazo. El Dr. Foss no solo trata el hombro — corrige las subluxaciones cervicales y torácicas que alteran la biomecánica del hombro. Tratamiento completo con láser Clase IV y ondas de choque.

👉 Cita por $47: https://puravidasanantonio.com/special/

#DolorDeHombro #Pinzamiento #QuiroprácticoSanAntonio #PuraVidaChiropractic #DrDanFoss #RehabilitaciónDeHombro",shoulder-impingement.jpg,https://puravidablog.vercel.app/es/blog/pinzamiento-hombro-quiropractico-san-antonio,pending
Bursitis,"La bursitis causa inflamación dolorosa en las articulaciones — hombro, cadera, codo o rodilla. En vez de depender de antiinflamatorios, el Dr. Foss corrige la desalineación que causa la irritación de la bursa, combinando ajustes SOT con terapia láser Clase IV para reducir la inflamación rápidamente.

👉 Consulta completa por $47: https://puravidasanantonio.com/special/

#Bursitis #Inflamación #QuiroprácticoSanAntonio #PuraVidaChiropractic #DrDanFoss #DolorArticular",bursitis.jpg,https://puravidablog.vercel.app/es/blog/bursitis-quiropractico-san-antonio,pending
Tendinitis,"¿Dolor al mover la muñeca, el codo o el tobillo? La tendinitis es inflamación de los tendones por uso repetitivo o desalineación. El Dr. Foss trata la causa raíz con ajustes específicos, terapia de ondas de choque y láser Clase IV para acelerar la curación del tendón.

👉 Empieza tu recuperación por $47: https://puravidasanantonio.com/special/

#Tendinitis #DolorDeTendón #QuiroprácticoSanAntonio #PuraVidaChiropractic #DrDanFoss #RecuperaciónNatural",tendonitis.jpg,https://puravidablog.vercel.app/es/blog/tendinitis-quiropractico-san-antonio,pending
Lesiones Laborales,"¿Te lesionaste en el trabajo? Ya sea dolor de espalda por levantar peso, dolor de cuello por estar en el escritorio, o una lesión por movimientos repetitivos — el Dr. Foss en Pura Vida Chiropractic te ayuda a recuperarte rápido con protocolos SOT y documentación para tu reclamo de Workers' Comp.

👉 Agenda hoy por $47: https://puravidasanantonio.com/special/

#LesionesLaborales #WorkersComp #QuiroprácticoSanAntonio #PuraVidaChiropractic #DrDanFoss #DolorEnElTrabajo",work-injuries.jpg,https://puravidablog.vercel.app/es/blog/lesiones-laborales-quiropractico-san-antonio,pending
Lesión por Esfuerzo Repetitivo,"¿Trabajas en computadora, en construcción o en una línea de producción? Las lesiones por esfuerzo repetitivo causan dolor crónico que empeora con el tiempo. El Dr. Foss identifica las subluxaciones y tensiones que tu trabajo te está causando y las corrige antes de que se vuelvan permanentes.

👉 Protege tu cuerpo: cita por $47: https://puravidasanantonio.com/special/

#LesiónRepetitiva #RSI #QuiroprácticoSanAntonio #PuraVidaChiropractic #DrDanFoss #DolorLaboral",rsi.jpg,https://puravidablog.vercel.app/es/blog/lesion-esfuerzo-repetitivo-quiropractico-san-antonio,pending
Cuello de Texto,"¿Pasas horas mirando tu teléfono? Tu cabeza pesa 10-12 libras — cuando la inclinas, la fuerza sobre tu cuello se multiplica hasta 60 libras. El Dr. Foss corrige el daño postural del ""cuello de texto"" con ajustes SOT cervicales y un plan de corrección personalizado.

👉 Corrige tu postura: $47: https://puravidasanantonio.com/special/

#CuelloDeTexto #TextNeck #QuiroprácticoSanAntonio #PuraVidaChiropractic #DrDanFoss #PosturaDigital",text-neck.jpg,https://puravidablog.vercel.app/es/blog/cuello-de-texto-quiropractico-san-antonio,pending
Cefaleas Cervicogénicas,"¿Tus dolores de cabeza empiezan en el cuello? Las cefaleas cervicogénicas se originan en las vértebras cervicales y muchas veces se confunden con migrañas. El Dr. Foss identifica exactamente cuál vértebra está causando el problema y la corrige con ajustes SOT precisos.

👉 Identifica la causa real: $47: https://puravidasanantonio.com/special/

#CefaleaCervicogénica #DolorDeCuello #QuiroprácticoSanAntonio #PuraVidaChiropractic #DrDanFoss #DolorDeCabeza",cervicogenic-headaches.jpg,https://puravidablog.vercel.app/es/blog/cefaleas-cervicogenicas-quiropractico-san-antonio,pending
Apoyo para Osteoporosis,"¿Tienes osteoporosis y te da miedo ir al quiropráctico? Los ajustes SOT del Dr. Foss son suaves y de baja fuerza — diseñados específicamente para personas con huesos frágiles. Usamos bloques posicionales y técnicas que no requieren torsión ni crujidos. Tu seguridad es nuestra prioridad.

👉 Consulta segura por $47: https://puravidasanantonio.com/special/

#Osteoporosis #HuesosFragiles #QuiroprácticoSanAntonio #PuraVidaChiropractic #DrDanFoss #AjusteSuave",osteoporosis.jpg,https://puravidablog.vercel.app/es/blog/osteoporosis-quiropractico-san-antonio,pending
Costocondritis,"¿Dolor en el pecho que te asusta pero no es el corazón? La costocondritis es inflamación de las articulaciones entre las costillas y el esternón. El Dr. Foss ajusta suavemente las costillas subluxadas y usa CMRT para calmar los reflejos inflamatorios que mantienen el dolor activo.

👉 Alivio de costocondritis por $47: https://puravidasanantonio.com/special/

#Costocondritis #DolorDePecho #QuiroprácticoSanAntonio #PuraVidaChiropractic #DrDanFoss #DolorDeCostillas",costochondritis.jpg,https://puravidablog.vercel.app/es/blog/costocondritis-quiropractico-san-antonio,pending
Trastornos del Equilibrio,"¿Sientes que pierdes el equilibrio al caminar o al levantarte? Los trastornos del equilibrio pueden venir del oído interno, del cuello o del sistema nervioso central. El Dr. Foss evalúa las tres áreas y usa ajustes craneales y cervicales SOT para restaurar tu estabilidad.

👉 Recupera tu equilibrio: $47: https://puravidasanantonio.com/special/

#Equilibrio #TrastornoVestibular #QuiroprácticoSanAntonio #PuraVidaChiropractic #DrDanFoss #Estabilidad",balance-disorders.jpg,https://puravidablog.vercel.app/es/blog/trastornos-equilibrio-quiropractico-san-antonio,pending
Entumecimiento y Hormigueo,"¿Se te duermen las manos o los pies? ¿Sientes hormigueo constante? Estos síntomas indican compresión nerviosa que no debes ignorar. El Dr. Foss localiza exactamente dónde está la compresión — cuello, espalda o extremidades — y la libera con ajustes SOT específicos.

👉 No lo ignores. Cita por $47: https://puravidasanantonio.com/special/

#Entumecimiento #Hormigueo #QuiroprácticoSanAntonio #PuraVidaChiropractic #DrDanFoss #CompresiónNerviosa",numbness-tingling.jpg,https://puravidablog.vercel.app/es/blog/entumecimiento-hormigueo-quiropractico-san-antonio,pending
Bruxismo,"¿Aprietas o rechinas los dientes? El bruxismo causa dolor de mandíbula, dolores de cabeza y desgaste dental. La causa muchas veces está en subluxaciones craneales y cervicales que alteran la función de la ATM. El Dr. Foss es experto en ajustes craneales que relajan la mandíbula desde adentro.

👉 Deja de apretar: cita por $47: https://puravidasanantonio.com/special/

#Bruxismo #ATM #QuiroprácticoSanAntonio #PuraVidaChiropractic #DrDanFoss #DolorDeMandíbula",bruxism.jpg,https://puravidablog.vercel.app/es/blog/bruxismo-quiropractico-san-antonio,pending
Alergias,"¿Las alergias te tienen sufriendo toda la temporada? Tu sistema inmunológico está controlado por tu sistema nervioso. Cuando hay subluxaciones, tu cuerpo reacciona de más. El Dr. Foss usa CMRT y ajustes SOT para optimizar la respuesta inmune y reducir las reacciones alérgicas naturalmente.

👉 Respira mejor: cita por $47: https://puravidasanantonio.com/special/

#Alergias #InmunidadNatural #QuiroprácticoSanAntonio #PuraVidaChiropractic #DrDanFoss #SistemaInmune",allergies.jpg,https://puravidablog.vercel.app/es/blog/alergias-quiropractico-san-antonio,pending
Ansiedad y Depresión,"La ansiedad y la depresión no son solo ""mentales"" — tu sistema nervioso juega un papel enorme. Las subluxaciones vertebrales pueden alterar la función del nervio vago y el equilibrio hormonal. El Dr. Foss usa el Protocolo Pura Vida para calmar tu sistema nervioso y ayudar a tu cuerpo a encontrar balance.

👉 Cuida tu mente y cuerpo: $47: https://puravidasanantonio.com/special/

#Ansiedad #Depresión #QuiroprácticoSanAntonio #PuraVidaChiropractic #DrDanFoss #SaludMental #NervioVago",anxiety-depression.jpg,https://puravidablog.vercel.app/es/blog/ansiedad-depresion-quiropractico-san-antonio,pending
