Title,Pin description,Link,Image URL,Pinterest board,Publish date,Keywords
Mojar la Cama (Enuresis) en Niños,"Enuresis nocturna en niños: 85% resuelto sin medicamentos con quiropráctica SOT y CMRT. Dr. Dan Foss, San Antonio TX.

Lea el artículo completo en Pura Vida Chiropractic San Antonio.

#enuresisNocturnaNiosSanAntonio #mojarCamaNioQuiroprctica #incontinenciaUrinariaNios",https://puravidasanantonio.com/es/blog/mojar-cama-enuresis-quiropractica-ninos-san-antonio,https://puravidasanantonio.com/images/conditions/bedwetting.jpg,Salud Quiropráctica San Antonio,2026-05-11 09:00,enuresis nocturna niños San Antonio|mojar cama niño quiropráctica|incontinencia urinaria niños|control vejiga niño tratamiento
Trastorno de Procesamiento Sensorial en Niños,"Trastorno de procesamiento sensorial en niños mejora con quiropráctica SOT. Hipersensibilidad a sonidos, toques, luz. Dr. Dan Foss, San Antonio.

Lea el artículo completo en Pura Vida Chiropractic San Antonio.

#trastornoProcesamientoSensorialNiosSanAntonio #hipersensibilidadNioQuiroprctica #sensibilidadSensorialNio",https://puravidasanantonio.com/es/blog/trastorno-procesamiento-sensorial-ninos-quiropractica-san-antonio,https://puravidasanantonio.com/images/conditions/sensoryprocessing.jpg,Salud Quiropráctica San Antonio,2026-05-11 12:00,trastorno procesamiento sensorial niños San Antonio|hipersensibilidad niño quiropráctica|sensibilidad sensorial niño|disfunción procesamiento sensorial tratamiento
Infecciones de Oído Crónicas en Niños,"Infecciones de oído recurrentes tratadas sin antibióticos. Quiropráctica SOT + CMRT mejora drenaje y función inmune. Dr. Dan Foss, San Antonio.

Lea el artículo completo en Pura Vida Chiropractic San Antonio.

#infeccionesOdoNioSanAntonio #otitisMediaRecurrenteQuiroprctica #infeccinOdoCrnicaTratamiento",https://puravidasanantonio.com/es/blog/infecciones-oido-cronicas-ninos-quiropractica-san-antonio,https://puravidasanantonio.com/images/dr-foss-adjusting-child-full.jpg,Salud Quiropráctica San Antonio,2026-05-11 15:00,infecciones oído niño San Antonio|otitis media recurrente quiropráctica|infección oído crónica tratamiento|alternativa tubo oído quiropráctica
TDAH y Quiropráctica Pediátrica,"TDAH en niños: La quiropráctica SOT mejora concentración sin medicamentos. Enfoque neurológico basado en la causa. Dr. Dan Foss, San Antonio.

Lea el artículo completo en Pura Vida Chiropractic San Antonio.

#tdahQuiroprcticaNiosSanAntonio #adhdTratamientoNatural #problemaConcentracinNio",https://puravidasanantonio.com/es/blog/tdah-quiropractica-pediatrica-ninos-san-antonio,https://puravidasanantonio.com/images/conditions/adhd.jpg,Salud Quiropráctica San Antonio,2026-05-11 18:00,TDAH quiropráctica niños San Antonio|ADHD tratamiento natural|problema concentración niño|alternativa medicamentos TDAH
Dolor de Cintura Pélvica en el Embarazo,"Dolor de cintura pélvica (SPD) tratado con técnica Webster. Mejora en 2-3 visitas. Dr. Dan Foss, San Antonio TX.

Lea el artículo completo en Pura Vida Chiropractic San Antonio.

#dolorCinturaPlvicaEmbarazoSanAntonio #dolorSnfisisPbicaEmbarazo #spdQuiroprcticaEmbarazo",https://puravidasanantonio.com/es/blog/dolor-cintura-pelvica-embarazo-quiropractico-san-antonio,https://puravidasanantonio.com/images/conditions/pelvicgirdlepain.jpg,Salud Quiropráctica San Antonio,2026-05-11 21:00,dolor cintura pélvica embarazo San Antonio|dolor sínfisis púbica embarazo|SPD quiropráctica embarazo|dolor pélvico embarazo Webster
Ciática Durante el Embarazo,"Ciática durante el embarazo causa dolor en glúteos y piernas. Técnica Webster proporciona alivio rápido y seguro. Dr. Dan Foss, San Antonio TX.

Lea el artículo completo en Pura Vida Chiropractic San Antonio.

#citicaEmbarazoSanAntonio #dolorCiticoEmbarazoQuiroprctica #tcnicaWebsterCitica",https://puravidasanantonio.com/es/blog/ciatica-embarazo-quiropractico-san-antonio,https://puravidasanantonio.com/images/conditions/sciatica.jpg,Salud Quiropráctica San Antonio,2026-05-12 00:00,ciática embarazo San Antonio|dolor ciático embarazo quiropráctica|técnica Webster ciática|nervio ciático embarazo dolor
Dolor de Espalda Durante el Embarazo,"Alivio rápido del dolor lumbar durante el embarazo con técnica Webster y SOT. Dr. Dan Foss, San Antonio TX. Seguro en todos los trimestres.

Lea el artículo completo en Pura Vida Chiropractic San Antonio.

#dolorEspaldaEmbarazoSanAntonio #dolorLumbarEmbarazoQuiroprctica #tcnicaWebsterEmbarazo",https://puravidasanantonio.com/es/blog/dolor-espalda-embarazo-quiropractico-san-antonio,https://puravidasanantonio.com/images/conditions/backpain.jpg,Salud Quiropráctica San Antonio,2026-05-12 03:00,dolor espalda embarazo San Antonio|dolor lumbar embarazo quiropráctica|técnica Webster embarazo|dolor embarazo tratamiento seguro
Frenillo Lingual Restringido,"Frenillo lingual en bebés: cuándo la quiropráctica es suficiente, cuándo se necesita revisión. Dr. Dan Foss, San Antonio TX.

Lea el artículo completo en Pura Vida Chiropractic San Antonio.

#frenilloLingualBebSanAntonio #tongueTieQuiroprctica #frenilloRestringidoTratamiento",https://puravidasanantonio.com/es/blog/frenillo-lingual-quiropractica-bebes-san-antonio,https://puravidasanantonio.com/images/conditions/tonguetie.jpg,Salud Quiropráctica San Antonio,2026-05-12 06:00,frenillo lingual bebé San Antonio|tongue tie quiropráctica|frenillo restringido tratamiento|anquiloglosia bebé quiropráctica
Bedwetting (Enuresis) & Chiropractic Care,"Bedwetting is often a sacral plexus and nerve root dysfunction. Learn how SOT pelvic protocol restores proper bladder and sphincter control through gentle chiropractic.

Read the full article at Pura Vida Chiropractic San Antonio.

#bedwettingChiropracticSanAntonio #enuresisTreatmentChildren #sacralPlexusDysfunction",https://puravidasanantonio.com/en/blog/bedwetting-enuresis-chiropractic-children-san-antonio,https://puravidasanantonio.com/images/conditions/bedwetting.jpg,Chiropractic Health San Antonio,2026-05-12 09:00,bedwetting chiropractic San Antonio|enuresis treatment children|sacral plexus dysfunction|pelvic nerve chiropractic|nocturnal enuresis therapy
Enuresis (Mojar la Cama) & Quiropráctica,"La enuresis es a menudo una disfunción del plexo sacro y de las raíces nerviosas. Aprenda cómo el protocolo pélvico SOT restaura el control adecuado de la vejiga.

Lea el artículo completo en Pura Vida Chiropractic San Antonio.

#enuresisQuiropracticaSanAntonio #mojarLaCamaTratamientoNios #disfuncinPlexoSacro",https://puravidasanantonio.com/es/blog/enuresis-mojar-cama-quiropractica-ninos-san-antonio,https://puravidasanantonio.com/images/conditions/bedwetting.jpg,Salud Quiropráctica San Antonio,2026-05-12 12:00,enuresis quiropractica San Antonio|mojar la cama tratamiento niños|disfunción plexo sacro|nervio pélvico quiropráctica|enuresis nocturna terapia
Problemas de Latching y Lactancia,"Problemas de lactancia y latching tratados con quiropráctica SOT. Evite el destete temprano. Dr. Dan Foss, San Antonio TX.

Lea el artículo completo en Pura Vida Chiropractic San Antonio.

#lactanciaLatchingBebSanAntonio #problemasAlimentacinBebQuiroprctica #dolorLactanciaQuiroprctica",https://puravidasanantonio.com/es/blog/lactancia-latching-bebe-quiropractica-san-antonio,https://puravidasanantonio.com/images/conditions/nursinglactation.jpg,Salud Quiropráctica San Antonio,2026-05-12 15:00,lactancia latching bebé San Antonio|problemas alimentación bebé quiropráctica|dolor lactancia quiropráctica|succión débil bebé San Antonio
Infant Colic: A 23-Year Chiropractic Approach,"Infant colic is often birth trauma and vagal compression. Learn how gentle SOT cranial care and CMRT provide relief in days — not months of suffering.

Read the full article at Pura Vida Chiropractic San Antonio.

#infantColicChiropracticSanAntonio #newbornColicTreatment #birthTraumaInfant",https://puravidasanantonio.com/en/blog/infant-colic-chiropractic-san-antonio,https://puravidasanantonio.com/images/conditions/infantcolic.jpg,Chiropractic Health San Antonio,2026-05-12 18:00,infant colic chiropractic San Antonio|newborn colic treatment|birth trauma infant|vagal compression colic|gentle infant adjustment
Tortícolis Congénita en Bebés,"Tortícolis congénita tratada con quiropráctica SOT. Evite la cirugía en la mayoría de los casos. Dr. Dan Foss, San Antonio TX.

Lea el artículo completo en Pura Vida Chiropractic San Antonio.

#tortcolisCongnitaBebSanAntonio #tortcolisQuiroprctica #bebCuelloTorcido",https://puravidasanantonio.com/es/blog/torticolis-congenita-bebes-quiropractica-san-antonio,https://puravidasanantonio.com/images/conditions/torticollis.jpg,Salud Quiropráctica San Antonio,2026-05-12 21:00,tortícolis congénita bebé San Antonio|tortícolis quiropráctica|bebé cuello torcido|alternativa cirugía tortícolis
ADHD & Pediatric Chiropractic Care,"ADHD has roots in nervous system dysregulation and sympathetic dominance. Learn how cranial chiropractic improves vagal tone, sleep, and focus in children with ADHD.

Read the full article at Pura Vida Chiropractic San Antonio.

#adhdChiropracticSanAntonio #adhdTreatmentChildren #vagalToneAdhd",https://puravidasanantonio.com/en/blog/adhd-pediatric-chiropractic-care-san-antonio,https://puravidasanantonio.com/images/conditions/adhd.jpg,Chiropractic Health San Antonio,2026-05-13 00:00,ADHD chiropractic San Antonio|ADHD treatment children|vagal tone ADHD|sympathetic dominance ADHD|chiropractic focus attention San Antonio
Reflujo en Bebés y Quiropráctica,"Reflujo en bebés tratado con quiropráctica SOT y CMRT. Evite medicamentos de por vida. Dr. Dan Foss, San Antonio TX.

Lea el artículo completo en Pura Vida Chiropractic San Antonio.

#reflujoBebQuiroprcticaSanAntonio #gerdBebTratamientoNatural #vmitoBebQuiroprctica",https://puravidasanantonio.com/es/blog/reflujo-bebes-quiropractica-san-antonio,https://puravidasanantonio.com/images/conditions/infantreflux.jpg,Salud Quiropráctica San Antonio,2026-05-13 03:00,reflujo bebé quiropráctica San Antonio|GERD bebé tratamiento natural|vómito bebé quiropráctica|medicamentos reflujo bebé alternativa
TDAH & Quiropráctica Pediátrica en San Antonio,"El TDAH tiene raíces en desregulación del sistema nervioso y dominancia simpática. Aprenda cómo la quiropráctica craneal mejora el tono vagal, el sueño y el enfoque.

Lea el artículo completo en Pura Vida Chiropractic San Antonio.

#tdahQuiroprcticaSanAntonio #tratamientoTdahNios #tonoVagalTdah",https://puravidasanantonio.com/es/blog/tdah-quiropractica-pediatrica-san-antonio,https://puravidasanantonio.com/images/conditions/adhd.jpg,Salud Quiropráctica San Antonio,2026-05-13 06:00,TDAH quiropráctica San Antonio|tratamiento TDAH niños|tono vagal TDAH|dominancia simpática TDAH|quiropráctica enfoque atención San Antonio
Cólicos del Bebé y Quiropráctica,"El cólico del bebé responde mejor a la quiropráctica SOT que a medicamentos. Dr. Dan Foss trata cólicos en San Antonio con una tasa de resolución del 90%.

Lea el artículo completo en Pura Vida Chiropractic San Antonio.

#clicoBebQuiroprcticaSanAntonio #clicosRecinNacidoAlivio #quiroprcticoBebLlorando",https://puravidasanantonio.com/es/blog/colicos-bebe-quiropractica-san-antonio,https://puravidasanantonio.com/images/conditions/infantcolic.jpg,Salud Quiropráctica San Antonio,2026-05-13 09:00,cólico bebé quiropráctica San Antonio|cólicos recién nacido alivio|quiropráctico bebé llorando|tratamiento cólico natural
La Conexión Columna-Órgano: Fundamento de CMRT,"Comprendiendo cómo las subluxaciones vertebrales interrumpen la función nerviosa de órganos. La base anatómica y neurológica para CMRT.

Lea el artículo completo en Pura Vida Chiropractic San Antonio.

#conexinColumnaRgano #inervacinDeRganosRazNerviosa #reflejoViscerosmtico",https://puravidasanantonio.com/es/blog/conexion-columna-organo-fundamento-cmrt-san-antonio,https://puravidasanantonio.com/images/dr-foss-adjusting-patient.webp,Salud Quiropráctica San Antonio,2026-05-13 12:00,conexión columna órgano|inervación de órganos raíz nerviosa|reflejo viscerosmático|sistema nervioso autónomo quiropráctico|fundamento CMRT San Antonio|disfunción de órganos columna
Retraso del Lenguaje & Quiropráctica Craneal,"Los retrasos del lenguaje están conectados a desalineación craneal, frenillo lingual y disfunción vagal. Aprenda cómo la quiropráctica craneal apoya el desarrollo del lenguaje.

Lea el artículo completo en Pura Vida Chiropractic San Antonio.

#retrasoDelLenguajeQuiroprcticaSanAntonio #terapiaDelHablaAjusteCraneal #frenilloLingualQuiroprctica",https://puravidasanantonio.com/es/blog/retraso-lenguaje-quiropractica-craneal-ninos-san-antonio,https://puravidasanantonio.com/images/conditions/tonguetie.jpg,Salud Quiropráctica San Antonio,2026-05-13 15:00,retraso del lenguaje quiropráctica San Antonio|terapia del habla ajuste craneal|frenillo lingual quiropráctica|desarrollo del lenguaje pediátrico|terapia craneal lenguaje San Antonio
Speech Delay & Cranial Chiropractic in Children,"Speech delays are often connected to cranial misalignment, tongue tie, and vagal dysfunction. Learn how cranial chiropractic supports speech development through palate mechanics.

Read the full article at Pura Vida Chiropractic San Antonio.

#speechDelayChiropracticSanAntonio #speechTherapyCranialAdjustment #tongueTieAndChiropractic",https://puravidasanantonio.com/en/blog/speech-delay-cranial-chiropractic-children-san-antonio,https://puravidasanantonio.com/images/conditions/tonguetie.jpg,Chiropractic Health San Antonio,2026-05-13 18:00,speech delay chiropractic San Antonio|speech therapy cranial adjustment|tongue tie and chiropractic|pediatric speech development|cranial therapy speech San Antonio
The Spinal-Organ Connection: Foundation of CMRT,"Understanding how vertebral subluxations interrupt organ nerve function. The anatomical and neurological basis for CMRT chiropractic care.

Read the full article at Pura Vida Chiropractic San Antonio.

#spinalOrganConnection #nerveRootOrganInnervation #viscerosomaticReflex",https://puravidasanantonio.com/en/blog/spinal-organ-connection-cmrt-foundation-san-antonio,https://puravidasanantonio.com/images/dr-foss-adjusting-patient.webp,Chiropractic Health San Antonio,2026-05-13 21:00,spinal organ connection|nerve root organ innervation|viscerosomatic reflex|autonomic nervous system chiropractor|CMRT foundation San Antonio|organ dysfunction spine
Adrenal Fatigue and Chronic Stress: CMRT Relief,"Adrenal fatigue is rooted in T9-T11 subluxation and HPA axis dysregulation. CMRT restores adrenal nerve function and stress resilience naturally.

Read the full article at Pura Vida Chiropractic San Antonio.

#adrenalFatigueChiropractorSanAntonio #chronicStressCmrt #hpaAxisChiropractic",https://puravidasanantonio.com/en/blog/adrenal-fatigue-chronic-stress-cmrt-chiropractic-san-antonio,https://puravidasanantonio.com/images/adrenals.jpg,Chiropractic Health San Antonio,2026-05-14 00:00,adrenal fatigue chiropractor San Antonio|chronic stress CMRT|HPA axis chiropractic|cortisol dysregulation|stress relief chiropractor|adrenal support CMRT San Antonio
Fatiga Adrenal y Estrés Crónico: Alivio CMRT,"La fatiga adrenal está enraizada en subluxación T9-T11 y disregulación del eje HPA. CMRT restaura la función del nervio adrenal y la resiliencia al estrés naturalmente.

Lea el artículo completo en Pura Vida Chiropractic San Antonio.

#fatigaAdrenalQuiroprcticoSanAntonio #estrsCrnicoCmrt #ejeHpaQuiroprctica",https://puravidasanantonio.com/es/blog/fatiga-adrenal-estres-cronico-cmrt-quiropractica-san-antonio,https://puravidasanantonio.com/images/adrenals.jpg,Salud Quiropráctica San Antonio,2026-05-14 03:00,fatiga adrenal quiropráctico San Antonio|estrés crónico CMRT|eje HPA quiropráctica|disregulación de cortisol|alivio de estrés quiropráctico|apoyo adrenal CMRT San Antonio
Infant Reflux and CMRT,"Infant reflux is linked to upper cervical and occipital subluxation affecting the vagus nerve. CMRT provides gentle, safe relief without medication.

Read the full article at Pura Vida Chiropractic San Antonio.

#infantRefluxChiropractorSanAntonio #babyRefluxTreatment #cmrtNewborn",https://puravidasanantonio.com/en/blog/infant-reflux-cmrt-chiropractic-san-antonio,https://puravidasanantonio.com/images/conditions/infantreflux.jpg,Chiropractic Health San Antonio,2026-05-14 06:00,infant reflux chiropractor San Antonio|baby reflux treatment|CMRT newborn|colic chiropractor San Antonio|vagus nerve baby|safe chiropractic infant San Antonio
Quiropráctico Toda la Familia San Antonio TX,"Cuidado quiropráctico SOT para toda la familia — desde recién nacidos hasta abuelos. Dr. Dan Foss, San Antonio TX. Una práctica, una familia.

Lea el artículo completo en Pura Vida Chiropractic San Antonio.

#quiroprcticoFamiliaCompletaSanAntonio #quiroprcticaBebsNiosAdultos #cuidadoFamiliarQuiroprctica",https://puravidasanantonio.com/es/blog/quiropractico-toda-familia-bebes-ninos-embarazo-adultos-san-antonio,https://puravidasanantonio.com/images/conditions/latinofamily.jpg,Salud Quiropráctica San Antonio,2026-05-14 09:00,quiropráctico familia completa San Antonio|quiropráctica bebés niños adultos|cuidado familiar quiropráctica|especialista familia embarazo San Antonio|quiropráctico para toda la familia
Reflujo de Bebé y CMRT,"El reflujo infantil está vinculado a subluxación occipital y cervical superior que afecta el nervio vago. CMRT proporciona alivio suave y seguro sin medicamentos.

Lea el artículo completo en Pura Vida Chiropractic San Antonio.

#reflujoInfantilQuiroprcticoSanAntonio #tratamientoReflujoBeb #cmrtRecinNacido",https://puravidasanantonio.com/es/blog/reflujo-bebe-cmrt-quiropractica-san-antonio,https://puravidasanantonio.com/images/conditions/infantreflux.jpg,Salud Quiropráctica San Antonio,2026-05-14 12:00,reflujo infantil quiropráctico San Antonio|tratamiento reflujo bebé|CMRT recién nacido|cólico quiropráctico San Antonio|nervio vago bebé|quiropráctica segura bebé San Antonio
Sensory Processing Disorder & Chiropractic Care,"SPD affects how the brain processes sensory input. Learn how chiropractic cranial care improves vestibular and proprioceptive function through vagal tone and brainstem optimization.

Read the full article at Pura Vida Chiropractic San Antonio.

#sensoryProcessingDisorderSanAntonio #spdChiropracticCare #vestibularDysfunctionChildren",https://puravidasanantonio.com/en/blog/sensory-processing-disorder-chiropractic-san-antonio,https://puravidasanantonio.com/images/conditions/sensoryprocessing.jpg,Chiropractic Health San Antonio,2026-05-14 15:00,sensory processing disorder San Antonio|SPD chiropractic care|vestibular dysfunction children|proprioceptive system chiropractic|sensory integration therapy San Antonio
Trastorno del Procesamiento Sensorial,"El TPS afecta cómo el cerebro procesa la entrada sensorial. Aprenda cómo la quiropráctica craneal mejora la función vestibular y propioceptiva a través del tono vagal.

Lea el artículo completo en Pura Vida Chiropractic San Antonio.

#trastornoProcesamientoSensorialSanAntonio #tpsQuiroprctica #disfuncinVestibularNios",https://puravidasanantonio.com/es/blog/trastorno-procesamiento-sensorial-quiropractica-san-antonio,https://puravidasanantonio.com/images/conditions/sensoryprocessing.jpg,Salud Quiropráctica San Antonio,2026-05-14 18:00,trastorno procesamiento sensorial San Antonio|TPS quiropráctica|disfunción vestibular niños|sistema propioceptivo quiropráctica|terapia integración sensorial San Antonio
Autism Spectrum & Chiropractic,"Sensory integration, vagal regulation, and dural restriction in autism. Learn what cranial chiropractic can and cannot do — realistic expectations for neurodiverse children.

Read the full article at Pura Vida Chiropractic San Antonio.

#autismSpectrumChiropracticSanAntonio #sensoryProcessingAutismCranial #vagalToneAutismChildren",https://puravidasanantonio.com/en/blog/autism-spectrum-chiropractic-cranial-san-antonio,https://puravidasanantonio.com/images/conditions/sensoryprocessing.jpg,Chiropractic Health San Antonio,2026-05-14 21:00,autism spectrum chiropractic San Antonio|sensory processing autism cranial|vagal tone autism children|chiropractic autism therapy|pediatric autism San Antonio
Constipation and CMRT: Chiropractic Relief,"Constipation is linked to L1-L5 and sacral subluxation affecting colon and ileocecal valve function. CMRT restores bowel motility naturally.

Read the full article at Pura Vida Chiropractic San Antonio.

#constipationChiropractorSanAntonio #cmrtConstipationTreatment #bowelMotilityChiropractic",https://puravidasanantonio.com/en/blog/constipation-cmrt-chiropractic-san-antonio,https://puravidasanantonio.com/images/conditions/constipation.jpg,Chiropractic Health San Antonio,2026-05-15 00:00,constipation chiropractor San Antonio|CMRT constipation treatment|bowel motility chiropractic|ileocecal valve chiropractor|constipation relief San Antonio|sacral subluxation constipation
Espectro Autista & Quiropráctica,"Integración sensorial, regulación vagal y restricción dural en el autismo. Aprenda qué la quiropráctica craneal puede y no puede hacer — expectativas realistas para niños neurodiversos.

Lea el artículo completo en Pura Vida Chiropractic San Antonio.

#espectroAutistaQuiroprcticaSanAntonio #procesamientoSensorialAutismoCraneal #tonoVagalAutismoNios",https://puravidasanantonio.com/es/blog/espectro-autista-quiropractica-craneal-san-antonio,https://puravidasanantonio.com/images/conditions/sensoryprocessing.jpg,Salud Quiropráctica San Antonio,2026-05-15 03:00,espectro autista quiropráctica San Antonio|procesamiento sensorial autismo craneal|tono vagal autismo niños|terapia quiropráctica autismo|autismo pediátrico San Antonio
Estreñimiento y CMRT: Alivio Quiropráctica,"El estreñimiento está vinculado a subluxación L1-L5 y sacra que afecta la función del colon y la válvula ileocecal. CMRT restaura la motilidad intestinal naturalmente.

Lea el artículo completo en Pura Vida Chiropractic San Antonio.

#estreimientoQuiroprcticoSanAntonio #tratamientoEstreimientoCmrt #motilidadIntestinalQuiroprctica",https://puravidasanantonio.com/es/blog/estrenimiento-cmrt-quiropractica-san-antonio,https://puravidasanantonio.com/images/conditions/constipation.jpg,Salud Quiropráctica San Antonio,2026-05-15 06:00,estreñimiento quiropráctico San Antonio|tratamiento estreñimiento CMRT|motilidad intestinal quiropráctica|válvula ileocecal quiropráctico|alivio estreñimiento San Antonio|subluxación sacra estreñimiento
Salud Hormonal de la Mujer y CMRT,"Dolor menstrual, infertilidad y PCOS están vinculados a subluxación L2-L5 y sacra. CMRT restaura la función nerviosa de órganos reproductivos y balance hormonal.

Lea el artículo completo en Pura Vida Chiropractic San Antonio.

#saludHormonalQuiroprcticoSanAntonio #dolorMenstrualCmrt #infertilidadQuiroprctica",https://puravidasanantonio.com/es/blog/salud-hormonal-mujer-cmrt-quiropractica-san-antonio,https://puravidasanantonio.com/images/conditions/dysmenorrhea.jpg,Salud Quiropráctica San Antonio,2026-05-15 09:00,salud hormonal quiropráctico San Antonio|dolor menstrual CMRT|infertilidad quiropráctica|PCOS quiropráctico|alivio dolor menstrual|salud reproductiva CMRT San Antonio
Técnica Webster para Embarazo en San Antonio,"Técnica Webster especializada para embarazo. Ayuda con bebé en posición pélvica y dolor pélvico. Dr. Dan Foss, San Antonio TX.

Lea el artículo completo en Pura Vida Chiropractic San Antonio.

#tcnicaWebsterEmbarazoSanAntonio #tcnicaWebsterBebPlvico #quiroprcticoEmbarazoWebster",https://puravidasanantonio.com/es/blog/tecnica-webster-embarazo-san-antonio-quiropractico,https://puravidasanantonio.com/images/pregnant-patient.webp,Salud Quiropráctica San Antonio,2026-05-15 12:00,técnica Webster embarazo San Antonio|técnica Webster bebé pélvico|quiropráctico embarazo Webster|bebé posición pélvica quiropráctica|especialista Webster San Antonio
Women's Hormonal Health and CMRT,"Period pain, infertility, and PCOS are linked to L2-L5 and sacral subluxation. CMRT restores reproductive organ nerve function and hormonal balance.

Read the full article at Pura Vida Chiropractic San Antonio.

#hormonalHealthChiropractorSanAntonio #periodPainCmrt #infertilityChiropractic",https://puravidasanantonio.com/en/blog/womens-hormonal-health-cmrt-chiropractic-san-antonio,https://puravidasanantonio.com/images/conditions/dysmenorrhea.jpg,Chiropractic Health San Antonio,2026-05-15 15:00,hormonal health chiropractor San Antonio|period pain CMRT|infertility chiropractic|PCOS chiropractor|menstrual pain relief|reproductive health CMRT San Antonio
Chronic Ear Infections in Children,"Why do kids get recurring ear infections? Learn how chiropractic cranial care and SOT address Eustachian tube dysfunction and vagal tone for lasting relief.

Read the full article at Pura Vida Chiropractic San Antonio.

#earInfectionsChildrenSanAntonio #chronicEarInfectionsChiropractic #eustachianTubeDysfunction",https://puravidasanantonio.com/en/blog/chronic-ear-infections-children-chiropractic-cranial-san-antonio,https://puravidasanantonio.com/images/dr-foss-adjusting-child-full.jpg,Chiropractic Health San Antonio,2026-05-15 18:00,ear infections children San Antonio|chronic ear infections chiropractic|Eustachian tube dysfunction|cranial chiropractic children|pediatric ear infection treatment
GERD and Acid Reflux: CMRT Treatment,"GERD is linked to T5-T6 subluxation and diaphragm dysfunction. CMRT restores stomach nerve function and prevents reflux without lifelong medication.

Read the full article at Pura Vida Chiropractic San Antonio.

#gerdChiropractorSanAntonio #acidRefluxTreatmentChiropractic #t5SubluxationReflux",https://puravidasanantonio.com/en/blog/gerd-acid-reflux-cmrt-chiropractic-san-antonio,https://puravidasanantonio.com/images/conditions/reflux.jpg,Chiropractic Health San Antonio,2026-05-15 21:00,GERD chiropractor San Antonio|acid reflux treatment chiropractic|T5 subluxation reflux|CMRT reflux San Antonio|heartburn relief chiropractic|reflux without medication
IBS (Irritable Bowel Syndrome) and CMRT,"IBS is often a nerve problem, not a gut problem. Dr. Foss uses CMRT to restore T7-T12 nerve function and heal the gut-brain axis. San Antonio chiropractor.

Read the full article at Pura Vida Chiropractic San Antonio.

#ibsChiropractorSanAntonio #irritableBowelSyndromeTreatment #cmrtSanAntonio",https://puravidasanantonio.com/en/blog/ibs-irritable-bowel-syndrome-cmrt-chiropractic-san-antonio,https://puravidasanantonio.com/images/conditions/ibs.jpg,Chiropractic Health San Antonio,2026-05-16 00:00,IBS chiropractor San Antonio|irritable bowel syndrome treatment|CMRT San Antonio|gut health chiropractor|visceral chiropractic IBS|nerve root irritation digestive
Infecciones Crónicas de Oído en Niños,"¿Por qué los niños contraen infecciones recurrentes de oído? Aprenda cómo la quiropráctica craneal y SOT abordan la disfunción de la trompa de Eustaquio y el tono vagal.

Lea el artículo completo en Pura Vida Chiropractic San Antonio.

#infeccionesDeOdoNiosSanAntonio #infeccionesDeOdoCrnicasQuiroprctica #disfuncinTrompaEustaquio",https://puravidasanantonio.com/es/blog/infecciones-oido-cronicas-ninos-quiropractica-craneal-san-antonio,https://puravidasanantonio.com/images/dr-foss-adjusting-child-full.jpg,Salud Quiropráctica San Antonio,2026-05-16 03:00,infecciones de oído niños San Antonio|infecciones de oído crónicas quiropráctica|disfunción trompa Eustaquio|quiropráctica craneal niños|tratamiento infecciones oído pediátrico
Quiropráctico CMRT San Antonio,"CMRT (Chiropractic Manipulative Reflex Technique): cuidado quiropráctico visceral para reflujo, digestión y problemas de órganos. Dr. Dan Foss, especialista.

Lea el artículo completo en Pura Vida Chiropractic San Antonio.

#quiroprcticoCmrtSanAntonio #ajusteVisceralQuiroprctica #reflujoQuiroprctica",https://puravidasanantonio.com/es/blog/quiropractico-cmrt-ajuste-visceral-organos-san-antonio,https://puravidasanantonio.com/images/conditions/ibs.jpg,Salud Quiropráctica San Antonio,2026-05-16 06:00,quiropráctico CMRT San Antonio|ajuste visceral quiropráctica|reflujo quiropráctica|problemas digestivos quiropráctica|CMRT cuidado de órganos San Antonio
Reflujo Ácido y GERD: Tratamiento CMRT,"El GERD está vinculado a subluxación T5-T6 y disfunción del diafragma. CMRT restaura la función del nervio del estómago y previene el reflujo sin medicamentos de por vida.

Lea el artículo completo en Pura Vida Chiropractic San Antonio.

#gerdQuiroprcticoSanAntonio #tratamientoReflujoCidoQuiroprctica #subluxacinT5Reflujo",https://puravidasanantonio.com/es/blog/reflujo-acido-gerd-cmrt-quiropractica-san-antonio,https://puravidasanantonio.com/images/conditions/reflux.jpg,Salud Quiropráctica San Antonio,2026-05-16 09:00,GERD quiropráctico San Antonio|tratamiento reflujo ácido quiropráctica|subluxación T5 reflujo|CMRT reflujo San Antonio|alivio de acidez quiropráctica|reflujo sin medicamentos
SII (Síndrome del Intestino Irritable) y CMRT,"SII a menudo es un problema de nervios, no un problema digestivo. El Dr. Foss usa CMRT para restaurar la función nerviosa T7-T12 y sanar el eje intestino-cerebro.

Lea el artículo completo en Pura Vida Chiropractic San Antonio.

#siiQuiroprcticoSanAntonio #sndromeIntestinoIrritableTratamiento #cmrtSanAntonio",https://puravidasanantonio.com/es/blog/sindrome-intestino-irritable-cmrt-quiropractica-san-antonio,https://puravidasanantonio.com/images/conditions/ibs.jpg,Salud Quiropráctica San Antonio,2026-05-16 12:00,SII quiropráctico San Antonio|síndrome intestino irritable tratamiento|CMRT San Antonio|salud digestiva quiropráctico|manipulación visceral SII|irritación de raíz nerviosa digestiva
Auto Injury Chiropractor Alamo Heights,"Car accident injury treatment for Alamo Heights. Dr. Dan Foss treats whiplash, soft tissue damage, and hidden injuries. Insurance friendly. 10 minutes away.

Read the full article at Pura Vida Chiropractic San Antonio.

#autoInjuryChiropractorAlamoHeightsSanAntonio #carAccidentChiropractorNearAlamoHeights #whiplashTreatmentAlamoHeights",https://puravidasanantonio.com/en/blog/auto-injury-chiropractor-alamo-heights-san-antonio,https://puravidasanantonio.com/images/conditions/autoaccident.jpg,Chiropractic Health San Antonio,2026-05-16 15:00,auto injury chiropractor Alamo Heights San Antonio|car accident chiropractor near Alamo Heights|whiplash treatment Alamo Heights|accident injury relief Alamo Heights
Auto Injury Chiropractor Westover Hills,"Car accident injury treatment for Westover Hills. Whiplash and accident injury recovery with Dr. Foss. Insurance friendly. Nearby and fast treatment available.

Read the full article at Pura Vida Chiropractic San Antonio.

#autoInjuryChiropractorWestoverHillsSanAntonio #carAccidentChiropractorWestoverHills #whiplashTreatmentWestoverHills",https://puravidasanantonio.com/en/blog/auto-injury-chiropractor-westover-hills-san-antonio,https://puravidasanantonio.com/images/conditions/autoaccident.jpg,Chiropractic Health San Antonio,2026-05-16 18:00,auto injury chiropractor Westover Hills San Antonio|car accident chiropractor Westover Hills|whiplash treatment Westover Hills|accident injury relief Westover Hills
Ciática Quiropractico Alamo Heights,"Alivio de ciática para residentes de Alamo Heights. El Dr. Dan Foss se especializa en dolor del nervio ciático usando SOT y terapia dirigida. A solo 10 minutos.

Lea el artículo completo en Pura Vida Chiropractic San Antonio.

#citicaQuiropracticoAlamoHeightsSanAntonio #dolorNervioCiticoAlamoHeights #tratamientoCiticaAlamoHeights",https://puravidasanantonio.com/es/blog/ciatica-quiropractico-alamo-heights-san-antonio,https://puravidasanantonio.com/images/conditions/sciatica.jpg,Salud Quiropráctica San Antonio,2026-05-16 21:00,ciática quiropractico Alamo Heights San Antonio|dolor nervio ciático Alamo Heights|tratamiento ciática Alamo Heights|alivio dolor ciático Alamo Heights
Cómo Elegir Quiropráctico San Antonio,"¿Cómo elegir un buen quiropráctico? Aprende qué buscar en un doctor quiroprácktico. Guía para encontrar el mejor para ti en San Antonio.

Lea el artículo completo en Pura Vida Chiropractic San Antonio.

#cmoElegirUnQuiroprctico #quBuscarEnUnQuiroprctico #mejorQuiroprctico",https://puravidasanantonio.com/es/blog/como-elegir-quiropractico,https://puravidasanantonio.com/images/dr-foss-adjusting-patient.webp,Salud Quiropráctica San Antonio,2026-05-17 00:00,cómo elegir un quiropráctico|qué buscar en un quiropráctico|mejor quiropráctico|características de buen quiropráctico
Consulta Gratis Quiropráctico San Antonio,"Consulta gratis con el Dr. Dan Foss en San Antonio. Evaluación sin costo, sin obligaciones. Llama (210) 685-1994 o reserva en línea ahora.

Lea el artículo completo en Pura Vida Chiropractic San Antonio.

#consultaGratisQuiroprcticoSanAntonio #evaluacinGratuitaQuiroprctica #primeraVisitaGratisChiropractor",https://puravidasanantonio.com/es/blog/consulta-gratis-quiropractico-san-antonio,https://puravidasanantonio.com/images/dr-foss-adjusting-patient.webp,Salud Quiropráctica San Antonio,2026-05-17 03:00,consulta gratis quiropráctico San Antonio|evaluación gratuita quiropráctica|primera visita gratis chiropractor|consulta inicial sin costo San Antonio
Corrección Postura Quiropractico Olmos Park,"Corregir mala postura con cuidado quiropractico en Olmos Park. Dr. Dan Foss corrige postura de cabeza hacia adelante y desalineación espinal. A solo 8 minutos.

Lea el artículo completo en Pura Vida Chiropractic San Antonio.

#correccinPosturaQuiropracticoOlmosParkSanAntonio #tratamientoMalaPosturaOlmosPark #posturaCabezaAdelanteOlmosPark",https://puravidasanantonio.com/es/blog/correccion-postura-quiropractico-olmos-park-san-antonio,https://puravidasanantonio.com/images/postural-correction.webp,Salud Quiropráctica San Antonio,2026-05-17 06:00,corrección postura quiropractico Olmos Park San Antonio|tratamiento mala postura Olmos Park|postura cabeza adelante Olmos Park|corrección postura Olmos Park
Craneapatía SOT vs Quiropráctica Craneal,"Conozca la diferencia entre Craneapatía SOT y las técnicas craneales convencionales. Dr. Dan Foss explica por qué el sistema DeJarnette es distinto y más efectivo para los niños.

Lea el artículo completo en Pura Vida Chiropractic San Antonio.

#craneapataSotSanAntonio #quiroprcticaCranealSanAntonio #tcnicaDejarnette",https://puravidasanantonio.com/es/blog/craneopatia-sot-vs-tradicional-quiropractica-san-antonio,https://puravidasanantonio.com/images/dr-foss-adjusting-child-full.jpg,Salud Quiropráctica San Antonio,2026-05-17 09:00,Craneapatía SOT San Antonio|quiropráctica craneal San Antonio|técnica DeJarnette|terapia craneal pediátrica|sincondrosis esfenobasilar
Cranial Chiropractor San Antonio TX | Craniopath,"Looking for a cranial chiropractor in San Antonio? Dr. Dan Foss, DC is a SORSI-certified craniopath using SOT and CMRT to treat trigeminal neuralgia, TMJ disorders, chronic migraines, postpartum recovery, and pediatric cranial concerns at Pura Vida Chiropractic.

Read the full article at Pura Vida Chiropractic San Antonio.

#cranialChiropractorSanAntonio #craniopathSanAntonio #trigeminalNeuralgiaChiropractorSanAntonio",https://puravidasanantonio.com/en/blog/cranial-chiropractic-craniopath-san-antonio,https://puravidasanantonio.com/images/conditions/headache.jpg,Chiropractic Health San Antonio,2026-05-17 12:00,cranial chiropractor San Antonio|craniopath San Antonio|trigeminal neuralgia chiropractor San Antonio|TMJ chiropractor San Antonio|Sacro-Occipital Technique San Antonio|CMRT chiropractor San Antonio|Webster Technique San Antonio|bilingual chiropractor San Antonio|Spanish speaking chiropractor San Antonio|postpartum chiropractor San Antonio|pediatric cranial chiropractor San Antonio|infant head shaping chiropractor San Antonio|plagiocephaly chiropractor San Antonio|brachycephaly chiropractor San Antonio|torticollis chiropractor San Antonio|tongue tie chiropractor San Antonio|lip tie chiropractor San Antonio|frenectomy cranial care San Antonio|newborn latching chiropractor San Antonio|SORSI chiropractor San Antonio|Pura Vida Chiropractic San Antonio
¿Cuántas Sesiones Quiropráctícas Necesito?,"¿Cuántas visitas al quiropráctico necesitarás? Factores que determinan duración del tratamiento. Expectativas realistas de Dr. Dan Foss.

Lea el artículo completo en Pura Vida Chiropractic San Antonio.

#cuantasSesionesQuiropracticasNecesito #duracinTratamientoQuiroprctico #cuantasVisitasAlQuiroprctico",https://puravidasanantonio.com/es/blog/cuantas-sesiones-quiropracticas-necesito,https://puravidasanantonio.com/images/dr-foss-adjusting-patient.webp,Salud Quiropráctica San Antonio,2026-05-17 15:00,cuantas sesiones quiropracticas necesito|duración tratamiento quiropráctico|cuantas visitas al quiropráctico|tiempo recuperación quiropráctica
Dolor Cabeza & Migraña Quiropractico Olmos Park,"Alivio de migrañas y dolores de cabeza para residentes de Olmos Park. Dr. Dan Foss trata dolores de cabeza crónicos con SOT y ajuste craneal. A solo 8 minutos.

Lea el artículo completo en Pura Vida Chiropractic San Antonio.

#dolorCabezaQuiropracticoOlmosParkSanAntonio #alivioMigraasOlmosPark #migraaQuiropracticoOlmosPark",https://puravidasanantonio.com/es/blog/dolor-cabeza-migrana-quiropractico-olmos-park-san-antonio,https://puravidasanantonio.com/images/conditions/headache.jpg,Salud Quiropráctica San Antonio,2026-05-17 18:00,dolor cabeza quiropractico Olmos Park San Antonio|alivio migrañas Olmos Park|migraña quiropractico Olmos Park|tratamiento dolor tensión Olmos Park
¿Es Seguro Ir al Quiropráctico?,"¿Es segura la quiropráctica? Conoce los riesgos, beneficios, y qué esperar. Información médica basada en evidencia sobre seguridad quiropráctica.

Lea el artículo completo en Pura Vida Chiropractic San Antonio.

#esSeguroIrAlQuiroprctico #riesgosDeQuiroprctica #efectividadDeQuiroprctica",https://puravidasanantonio.com/es/blog/es-seguro-ir-quiropractico,https://puravidasanantonio.com/images/dr-foss-adjusting-patient.webp,Salud Quiropráctica San Antonio,2026-05-17 21:00,¿es seguro ir al quiropráctico|riesgos de quiropráctica|efectividad de quiropráctica|seguridad de ajustes quiropráticos
Family Chiropractor Helotes | San Antonio TX,"Family chiropractic care for Helotes from newborn to grandparents. Dr. Dan Foss treats the whole family with personalized approaches. 15 minutes away. Free consultation.

Read the full article at Pura Vida Chiropractic San Antonio.

#familyChiropractorHelotesSanAntonio #familyChiropracticCareHelotes #wholeFamilyWellnessHelotes",https://puravidasanantonio.com/en/blog/family-chiropractor-helotes-san-antonio,https://puravidasanantonio.com/images/conditions/latinofamily.jpg,Chiropractic Health San Antonio,2026-05-18 00:00,family chiropractor Helotes San Antonio|family chiropractic care Helotes|whole family wellness Helotes|multi-generational chiropractor Helotes
Family Chiropractor Live Oak | San Antonio TX,"Family chiropractic care for Live Oak from infants to seniors. Dr. Dan Foss treats the whole family with personalized approaches. Wellness focus. Free consultation.

Read the full article at Pura Vida Chiropractic San Antonio.

#familyChiropractorLiveOakSanAntonio #familyChiropracticCareLiveOak #wholeFamilyWellnessLiveOak",https://puravidasanantonio.com/en/blog/family-chiropractor-live-oak-san-antonio,https://puravidasanantonio.com/images/conditions/latinofamily.jpg,Chiropractic Health San Antonio,2026-05-18 03:00,family chiropractor Live Oak San Antonio|family chiropractic care Live Oak|whole family wellness Live Oak|multi-generational chiropractor Live Oak
Headache & Migraine Chiropractor Olmos Park,"Migraine and headache relief for Olmos Park residents. Dr. Dan Foss treats chronic headaches with SOT and cranial adjusting. Just 8 minutes away. Free consultation.

Read the full article at Pura Vida Chiropractic San Antonio.

#headacheChiropractorOlmosParkSanAntonio #migraineReliefOlmosPark #migraineChiropractorNearOlmosPark",https://puravidasanantonio.com/en/blog/headache-migraine-chiropractor-olmos-park-san-antonio,https://puravidasanantonio.com/images/conditions/headache.jpg,Chiropractic Health San Antonio,2026-05-18 06:00,headache chiropractor Olmos Park San Antonio|migraine relief Olmos Park|migraine chiropractor near Olmos Park|tension headache treatment Olmos Park
Headache & Migraine Chiropractor Universal City,"Migraine and headache relief for Universal City. Dr. Foss specializes in cervical spine and cranial adjusting for lasting relief. No drugs. Free consultation available.

Read the full article at Pura Vida Chiropractic San Antonio.

#headacheChiropractorUniversalCitySanAntonio #migraineReliefUniversalCity #migraineChiropractorNearUniversalCity",https://puravidasanantonio.com/en/blog/headache-migraine-chiropractor-universal-city-san-antonio,https://puravidasanantonio.com/images/conditions/headache.jpg,Chiropractic Health San Antonio,2026-05-18 09:00,headache chiropractor Universal City San Antonio|migraine relief Universal City|migraine chiropractor near Universal City|tension headache treatment Universal City
Lesiones Auto Quiropractico Alamo Heights,"Tratamiento de lesiones por accidente vehicular para Alamo Heights. El Dr. Dan Foss trata latigazo cervical y daño de tejido blando. Seguros aceptados. A 10 minutos.

Lea el artículo completo en Pura Vida Chiropractic San Antonio.

#lesionesAutoQuiropracticoAlamoHeightsSanAntonio #quiropracticoAccidenteAutoAlamoHeights #latigazoCervicalTratamientoAlamoHeights",https://puravidasanantonio.com/es/blog/lesiones-auto-quiropractico-alamo-heights-san-antonio,https://puravidasanantonio.com/images/conditions/autoaccident.jpg,Salud Quiropráctica San Antonio,2026-05-18 12:00,lesiones auto quiropractico Alamo Heights San Antonio|quiropractico accidente auto Alamo Heights|latigazo cervical tratamiento Alamo Heights|alivio lesiones accidente Alamo Heights
Lesiones Deportivas Quiropractico Alamo Heights,"Tratamiento de lesiones deportivas para atletas de Alamo Heights. El Dr. Dan Foss se especializa en lesiones articulares, distensiones musculares y optimización del rendimiento.

Lea el artículo completo en Pura Vida Chiropractic San Antonio.

#lesionesDeportivasQuiropracticoAlamoHeightsSanAntonio #quiropracticoDeportesAlamoHeights #tratamientoLesionesAtletaAlamoHeights",https://puravidasanantonio.com/es/blog/lesiones-deportivas-quiropractico-alamo-heights-san-antonio,https://puravidasanantonio.com/images/sports-injury.webp,Salud Quiropráctica San Antonio,2026-05-18 15:00,lesiones deportivas quiropractico Alamo Heights San Antonio|quiropractico deportes Alamo Heights|tratamiento lesiones atleta Alamo Heights|rendimiento deportivo Alamo Heights
Lower Back Pain Chiropractor Huebner Oaks,"Lower back pain treatment for Huebner Oaks professionals and families. Dr. Foss specializes in disc pain, sciatica, and posture-related back issues. 10 minutes away.

Read the full article at Pura Vida Chiropractic San Antonio.

#lowerBackPainChiropractorHuebnerOaksSanAntonio #backPainReliefHuebnerOaks #discPainChiropractorNearHuebnerOaks",https://puravidasanantonio.com/en/blog/lower-back-pain-chiropractor-huebner-oaks-san-antonio,https://puravidasanantonio.com/images/conditions/backpain.jpg,Chiropractic Health San Antonio,2026-05-18 18:00,lower back pain chiropractor Huebner Oaks San Antonio|back pain relief Huebner Oaks|disc pain chiropractor near Huebner Oaks|postural back care Huebner Oaks
Mejor Quiropráctico para Embarazadas en San,"¿Embarazada con dolor de espalda en San Antonio? El Dr. Dan Foss especialista en embarazo ofrece tratamiento seguro y libre de medicamentos. Consulta gratis. (210) 685-1994

Lea el artículo completo en Pura Vida Chiropractic San Antonio.

#quiroprcticoEmbarazoSanAntonio #quiroprcticaParaEmbarazadasSanAntonio #doctorParaDolorEmbarazoSanAntonio",https://puravidasanantonio.com/es/blog/mejor-quiropractico-embarazadas-san-antonio,https://puravidasanantonio.com/images/dr-foss-adjusting-patient.webp,Salud Quiropráctica San Antonio,2026-05-18 21:00,quiropráctico embarazo San Antonio|quiropráctica para embarazadas San Antonio|doctor para dolor embarazo San Antonio|quiropráctico prenatal San Antonio
Pediatric Chiropractor Castle Hills,"Gentle pediatric chiropractic for Castle Hills children. Dr. Dan Foss specializes in colic, ear infections, and infant development. Just 5 minutes from Castle Hills.

Read the full article at Pura Vida Chiropractic San Antonio.

#pediatricChiropractorCastleHillsSanAntonio #pediatricChiropractorNearCastleHills #childrensChiropractorCastleHills",https://puravidasanantonio.com/en/blog/pediatric-chiropractor-castle-hills-san-antonio,https://puravidasanantonio.com/images/dr-foss-adjusting-child-full.jpg,Chiropractic Health San Antonio,2026-05-19 00:00,pediatric chiropractor Castle Hills San Antonio|pediatric chiropractor near Castle Hills|children's chiropractor Castle Hills|infant chiropractic Castle Hills
Pediatric Chiropractor Helotes | San Antonio TX,"Gentle pediatric chiropractic for Helotes children. Dr. Dan Foss treats newborns through teens with specialized techniques. Just 15 minutes from Helotes. Free consultation.

Read the full article at Pura Vida Chiropractic San Antonio.

#pediatricChiropractorHelotesSanAntonio #childrenChiropractorNearHelotes #infantChiropracticHelotes",https://puravidasanantonio.com/en/blog/pediatric-chiropractor-helotes-san-antonio,https://puravidasanantonio.com/images/dr-foss-adjusting-child-full.jpg,Chiropractic Health San Antonio,2026-05-19 03:00,pediatric chiropractor Helotes San Antonio|children chiropractor near Helotes|infant chiropractic Helotes|kids wellness Helotes
Pediatric Chiropractor Leon Valley,"Pediatric chiropractic care for Leon Valley children. Dr. Foss treats colic, ear infections, developmental support, and more. Gentle, family-friendly. Free consultation.

Read the full article at Pura Vida Chiropractic San Antonio.

#pediatricChiropractorLeonValleySanAntonio #childrensChiropractorLeonValley #kidsWellnessChiropractorNearLeonValley",https://puravidasanantonio.com/en/blog/pediatric-chiropractor-leon-valley-san-antonio,https://puravidasanantonio.com/images/dr-foss-adjusting-child-full.jpg,Chiropractic Health San Antonio,2026-05-19 06:00,pediatric chiropractor Leon Valley San Antonio|children's chiropractor Leon Valley|kids wellness chiropractor near Leon Valley|infant colic chiropractor Leon Valley
Pediatric Chiropractor Military Drive,"Pediatric chiropractic right on Military Drive at Pura Vida. Dr. Dan Foss specializes in infant and child care from his exact location. Free consultation for your child.

Read the full article at Pura Vida Chiropractic San Antonio.

#pediatricChiropractorMilitaryDriveSanAntonio #chiropractorMilitaryDriveKids #infantChiropracticMilitaryDrive",https://puravidasanantonio.com/en/blog/pediatric-chiropractor-military-drive-san-antonio,https://puravidasanantonio.com/images/dr-foss-adjusting-child-full.jpg,Chiropractic Health San Antonio,2026-05-19 09:00,pediatric chiropractor Military Drive San Antonio|chiropractor Military Drive kids|infant chiropractic Military Drive|children's chiropractor on Military Drive
Pediatric Chiropractor Stone Oak,"Gentle pediatric chiropractic care for Stone Oak children. Dr. Dan Foss treats ear infections, colic, and developmental issues. Just 15 minutes away. Free consultation.

Read the full article at Pura Vida Chiropractic San Antonio.

#pediatricChiropractorStoneOakSanAntonio #pediatricChiropractorNearStoneOak #kidsChiropractorStoneOak",https://puravidasanantonio.com/en/blog/pediatric-chiropractor-stone-oak-san-antonio,https://puravidasanantonio.com/images/dr-foss-adjusting-child-full.jpg,Chiropractic Health San Antonio,2026-05-19 12:00,pediatric chiropractor Stone Oak San Antonio|pediatric chiropractor near Stone Oak|kids chiropractor Stone Oak|infant chiropractic Stone Oak
Posture Correction Chiropractor Olmos Park,"Fix poor posture with chiropractic care in Olmos Park. Dr. Dan Foss corrects forward head posture and spine misalignment. Just 8 minutes away. Free consultation.

Read the full article at Pura Vida Chiropractic San Antonio.

#postureCorrectionChiropractorOlmosParkSanAntonio #poorPostureTreatmentOlmosPark #forwardHeadPostureOlmosPark",https://puravidasanantonio.com/en/blog/posture-correction-chiropractor-olmos-park-san-antonio,https://puravidasanantonio.com/images/postural-correction.webp,Chiropractic Health San Antonio,2026-05-19 15:00,posture correction chiropractor Olmos Park San Antonio|poor posture treatment Olmos Park|forward head posture Olmos Park|posture correction near Olmos Park
Pregnancy Chiropractor Alamo Ranch,"Prenatal chiropractic care for Alamo Ranch expecting mothers. Dr. Foss uses Webster Technique for pregnancy comfort and optimal baby positioning. Safe and effective.

Read the full article at Pura Vida Chiropractic San Antonio.

#pregnancyChiropractorAlamoRanchSanAntonio #prenatalCareAlamoRanch #websterTechniqueAlamoRanch",https://puravidasanantonio.com/en/blog/pregnancy-chiropractor-alamo-ranch-san-antonio,https://puravidasanantonio.com/images/conditions/pregnancy.webp,Chiropractic Health San Antonio,2026-05-19 18:00,pregnancy chiropractor Alamo Ranch San Antonio|prenatal care Alamo Ranch|Webster Technique Alamo Ranch|pregnant chiropractor near Alamo Ranch
Pregnancy Chiropractor Castle Hills,"Prenatal chiropractic care for Castle Hills mothers. Dr. Dan Foss uses Webster Technique just 5 minutes away. Compete with Castle Hills Chiropractic using SOT advantage.

Read the full article at Pura Vida Chiropractic San Antonio.

#pregnancyChiropractorCastleHillsSanAntonio #prenatalChiropractorNearCastleHills #websterTechniqueCastleHills",https://puravidasanantonio.com/en/blog/pregnancy-chiropractor-castle-hills-san-antonio,https://puravidasanantonio.com/images/conditions/pregnancy.webp,Chiropractic Health San Antonio,2026-05-19 21:00,pregnancy chiropractor Castle Hills San Antonio|prenatal chiropractor near Castle Hills|Webster Technique Castle Hills|SOT pregnancy Castle Hills
Pregnancy Chiropractor Stone Oak,"Gentle prenatal chiropractic care for Stone Oak mothers. Dr. Dan Foss is just 15 minutes away with Webster Technique and SOT expertise. Free consultation.

Read the full article at Pura Vida Chiropractic San Antonio.

#pregnancyChiropractorStoneOakSanAntonio #prenatalCareStoneOak #websterTechniqueStoneOak",https://puravidasanantonio.com/en/blog/pregnancy-chiropractor-stone-oak-san-antonio,https://puravidasanantonio.com/images/conditions/pregnancy.webp,Chiropractic Health San Antonio,2026-05-20 00:00,pregnancy chiropractor Stone Oak San Antonio|prenatal care Stone Oak|Webster Technique Stone Oak|chiropractor near Stone Oak pregnancy
¿Qué es CMRT?,"CMRT (Chiropractic Manipulative Reflex Technique) es el método especializado del Dr. Dan Foss para ajustar la función de órganos a través de la columna vertebral.

Lea el artículo completo en Pura Vida Chiropractic San Antonio.

#cmrtSanAntonioQuiroprctico #quiroprcticaVisceralSanAntonio #disfuncinDeRganosQuiroprctica",https://puravidasanantonio.com/es/blog/que-es-cmrt-quiropractica-visceral-san-antonio,https://puravidasanantonio.com/images/dr-foss-adjusting-patient.webp,Salud Quiropráctica San Antonio,2026-05-20 03:00,CMRT San Antonio quiropráctico|quiropráctica visceral San Antonio|disfunción de órganos quiropráctica|técnica refleja quiropráctica|SOT quiropráctica San Antonio|manipulación visceral quiropráctico
Quiropráctico Craneal San Antonio TX | Craniopath,"¿Buscas un quiropráctico craneal en San Antonio? El Dr. Dan Foss, DC es craniopath certificado por SORSI, especialista en SOT y CMRT para tratar neuralgia del trigémino, trastornos de ATM, migrañas crónicas, recuperación posparto y problemas craneales pediátricos en Pura Vida Chiropractic.

Lea el artículo completo en Pura Vida Chiropractic San Antonio.

#quiroprcticoCranealSanAntonio #craniopathSanAntonio #neuralgiaDelTrigminoQuiroprcticoSanAntonio",https://puravidasanantonio.com/es/blog/quiropractica-craneal-craniopath-san-antonio,https://puravidasanantonio.com/images/conditions/headache.jpg,Salud Quiropráctica San Antonio,2026-05-20 06:00,quiropráctico craneal San Antonio|craniopath San Antonio|neuralgia del trigémino quiropráctico San Antonio|ATM quiropráctico San Antonio|Técnica Sacro Occipital San Antonio|CMRT quiropráctico San Antonio|Técnica Webster San Antonio|quiropráctico bilingüe San Antonio|quiropráctico que habla español San Antonio|quiropráctico posparto San Antonio|quiropráctico pediátrico craneal San Antonio|moldeado de cabeza bebé San Antonio|plagiocefalia quiropráctico San Antonio|braquicefalia quiropráctico San Antonio|tortícolis bebé quiropráctico San Antonio|frenillo lingual quiropráctico San Antonio|frenillo labial quiropráctico San Antonio|frenectomía cuidado craneal San Antonio|lactancia bebé quiropráctico craneal San Antonio|quiropráctico SORSI San Antonio|Pura Vida Chiropractic San Antonio
Quiropráctico Accidente de Auto San Antonio TX,"Lesionado en accidente auto en San Antonio? El Dr. Dan Foss trata lesiones de latigazo cervical y dolor. Seguro de responsabilidad cubre. Consulta gratis. (210) 685-1994

Lea el artículo completo en Pura Vida Chiropractic San Antonio.

#quiroprcticoAccidenteAutoSanAntonio #latigazoCervicalTratamiento #lesinAutoQuiroprcticaSanAntonio",https://puravidasanantonio.com/es/blog/quiropractico-accidente-auto-san-antonio,https://puravidasanantonio.com/images/dr-foss-adjusting-patient.webp,Salud Quiropráctica San Antonio,2026-05-20 09:00,quiropráctico accidente auto San Antonio|latigazo cervical tratamiento|lesión auto quiropráctica San Antonio|quiropráctico lesión accidente vehículo
Quiropráctico Cerca de Mí en San Antonio,"Busca quiropráctico cerca de ti en San Antonio? El Dr. Dan Foss está ubicado en NW Military Hwy. Consulta gratis hoy. (210) 685-1994

Lea el artículo completo en Pura Vida Chiropractic San Antonio.

#quiroprcticoCercaDeMSanAntonio #quiroprcticoCercanoSanAntonio #clnicaQuiroprcticaCercaDeM",https://puravidasanantonio.com/es/blog/quiropractico-cerca-de-mi-san-antonio,https://puravidasanantonio.com/images/dr-foss-adjusting-patient.webp,Salud Quiropráctica San Antonio,2026-05-20 12:00,quiropráctico cerca de mí San Antonio|quiropráctico cercano San Antonio|clínica quiropráctica cerca de mí|quiropráctico local San Antonio
Quiropractico Embarazo Castle Hills,"Cuidado quiropractico prenatal para madres de Castle Hills. Dr. Dan Foss utiliza Técnica Webster a solo 5 minutos. Compita con Castle Hills Chiropractic usando ventaja SOT.

Lea el artículo completo en Pura Vida Chiropractic San Antonio.

#quiropracticoEmbarazoCastleHillsSanAntonio #cuidadoPrenatalCastleHills #tcnicaWebsterCastleHills",https://puravidasanantonio.com/es/blog/quiropractico-embarazo-castle-hills-san-antonio,https://puravidasanantonio.com/images/conditions/pregnancy.webp,Salud Quiropráctica San Antonio,2026-05-20 15:00,quiropractico embarazo Castle Hills San Antonio|cuidado prenatal Castle Hills|Técnica Webster Castle Hills|SOT embarazo Castle Hills
Quiropractico Embarazo Stone Oak,"Cuidado quiropractico prenatal suave para madres de Stone Oak. Dr. Dan Foss está a solo 15 minutos con Técnica Webster y experiencia SOT. Consulta gratis.

Lea el artículo completo en Pura Vida Chiropractic San Antonio.

#quiropracticoEmbarazoStoneOakSanAntonio #cuidadoPrenatalStoneOak #tcnicaWebsterStoneOak",https://puravidasanantonio.com/es/blog/quiropractico-embarazo-stone-oak-san-antonio,https://puravidasanantonio.com/images/conditions/pregnancy.webp,Salud Quiropráctica San Antonio,2026-05-20 18:00,quiropractico embarazo Stone Oak San Antonio|cuidado prenatal Stone Oak|Técnica Webster Stone Oak|quiropractico cerca Stone Oak embarazo
Quiropractico Familia Helotes | San Antonio TX,"Cuidado quiropractico familiar para Helotes desde recién nacido a abuelos. Dr. Dan Foss trata a toda la familia con enfoques personalizados. A 15 minutos.

Lea el artículo completo en Pura Vida Chiropractic San Antonio.

#quiropracticoFamiliaHelotesSanAntonio #cuidadoQuiropracticoFamiliarHelotes #bienestarFamiliarHelotes",https://puravidasanantonio.com/es/blog/quiropractico-familia-helotes-san-antonio,https://puravidasanantonio.com/images/conditions/latinofamily.jpg,Salud Quiropráctica San Antonio,2026-05-20 21:00,quiropractico familia Helotes San Antonio|cuidado quiropractico familiar Helotes|bienestar familiar Helotes|quiropractico multigeneracional Helotes
"Quiropráctico Hispano en San Antonio, TX","Quiropráctico latino y hispano en San Antonio. El Dr. Dan Foss entiende la comunidad hispana. Consulta gratis en español. (210) 685-1994

Lea el artículo completo en Pura Vida Chiropractic San Antonio.

#quiroprcticoHispanoSanAntonio #quiroprcticoLatinoSanAntonio #doctorQuiropracticoComunidadHispana",https://puravidasanantonio.com/es/blog/quiropractico-hispano-san-antonio,https://puravidasanantonio.com/images/dr-foss-adjusting-patient.webp,Salud Quiropráctica San Antonio,2026-05-21 00:00,quiropráctico hispano San Antonio|quiropráctico latino San Antonio|doctor quiropractico comunidad hispana|quiropráctico cultura latina
Quiropráctico Lesión de Trabajo San Antonio TX,"Lesión de trabajo en San Antonio? El Dr. Dan Foss trata lesiones laborales. Compensación de trabajadores paga. Consulta gratis. (210) 685-1994

Lea el artículo completo en Pura Vida Chiropractic San Antonio.

#quiroprcticoLesinDeTrabajoSanAntonio #lesinLaboralQuiroprctica #compensacinDeTrabajadoresSanAntonio",https://puravidasanantonio.com/es/blog/quiropractico-lesion-trabajo-san-antonio,https://puravidasanantonio.com/images/dr-foss-adjusting-patient.webp,Salud Quiropráctica San Antonio,2026-05-21 03:00,quiropráctico lesión de trabajo San Antonio|lesión laboral quiropráctica|compensación de trabajadores San Antonio|quiropráctica accidente de trabajo
Quiropráctico Atletas San Antonio TX,"¿Atleta en San Antonio? El Dr. Dan Foss trata lesiones deportivas y optimiza rendimiento. Especialista en lesiones de atletas. Consulta gratis. (210) 685-1994

Lea el artículo completo en Pura Vida Chiropractic San Antonio.

#quiroprcticoAtletasSanAntonio #quiroprcticaLesionesDeportivas #doctorParaDeportistasSanAntonio",https://puravidasanantonio.com/es/blog/quiropractico-para-atletas-san-antonio,https://puravidasanantonio.com/images/dr-foss-adjusting-patient.webp,Salud Quiropráctica San Antonio,2026-05-21 06:00,quiropráctico atletas San Antonio|quiropráctica lesiones deportivas|doctor para deportistas San Antonio|quiropráctico rendimiento atlético
Quiropráctico Bebés San Antonio TX,"¿Tu bebé tiene cólicos o problemas de lactancia? El Dr. Dan Foss especialista pediátrico ofrece quiropráctica segura para recién nacidos. Consulta gratis. (210) 685-1994

Lea el artículo completo en Pura Vida Chiropractic San Antonio.

#quiroprcticoParaBebsSanAntonio #quiroprcticaPeditricaSanAntonio #bebClicosQuiroprctica",https://puravidasanantonio.com/es/blog/quiropractico-para-bebe-san-antonio,https://puravidasanantonio.com/images/dr-foss-adjusting-patient.webp,Salud Quiropráctica San Antonio,2026-05-21 09:00,quiropráctico para bebés San Antonio|quiropráctica pediátrica San Antonio|bebé cólicos quiropráctica|quiropráctico recién nacido
Quiropractico Pediatrico Castle Hills,"Quiropractica pediátrica suave para niños de Castle Hills. El Dr. Dan Foss se especializa en cólicos, infecciones de oído y desarrollo infantil. A solo 5 minutos.

Lea el artículo completo en Pura Vida Chiropractic San Antonio.

#quiropracticoPediatricoCastleHillsSanAntonio #quiropracticoNiosCastleHills #bebesCastleHillsQuiropractico",https://puravidasanantonio.com/es/blog/quiropractico-pediatrico-castle-hills-san-antonio,https://puravidasanantonio.com/images/dr-foss-adjusting-child-full.jpg,Salud Quiropráctica San Antonio,2026-05-21 12:00,quiropractico pediatrico Castle Hills San Antonio|quiropractico niños Castle Hills|bebes Castle Hills quiropractico|pediatrico cerca Castle Hills
Quiropractico Pediatrico Helotes,"Quiropractica pediátrica suave para niños de Helotes. El Dr. Dan Foss trata recién nacidos hasta adolescentes con técnicas especializadas. A solo 15 minutos.

Lea el artículo completo en Pura Vida Chiropractic San Antonio.

#quiropracticoPediatricoHelotesSanAntonio #quiropracticoNiosHelotes #quiropracticoBebesHelotes",https://puravidasanantonio.com/es/blog/quiropractico-pediatrico-helotes-san-antonio,https://puravidasanantonio.com/images/dr-foss-adjusting-child-full.jpg,Salud Quiropráctica San Antonio,2026-05-21 15:00,quiropractico pediatrico Helotes San Antonio|quiropractico niños Helotes|quiropractico bebes Helotes|bienestar infantil Helotes
Quiropractico Pediatrico Military Drive,"Quiropractica pediátrica directamente en Military Drive en Pura Vida. Dr. Dan Foss se especializa en cuidado infantil desde su ubicación exacta. Consulta gratis.

Lea el artículo completo en Pura Vida Chiropractic San Antonio.

#quiropracticoPediatricoMilitaryDriveSanAntonio #quiropracticoMilitaryDriveNios #quiropracticoBebesMilitaryDrive",https://puravidasanantonio.com/es/blog/quiropractico-pediatrico-military-drive-san-antonio,https://puravidasanantonio.com/images/dr-foss-adjusting-child-full.jpg,Salud Quiropráctica San Antonio,2026-05-21 18:00,quiropractico pediatrico Military Drive San Antonio|quiropractico Military Drive niños|quiropractico bebes Military Drive|quiropractico infantil Military Drive
Quiropráctico Pediátrico SOT Especialista,"Especialista en técnica SOT pediátrica. El Dr. Dan Foss trata bebés y niños con cólicos, reflujo, tortícolis y problemas de desarrollo. 23 años de práctica.

Lea el artículo completo en Pura Vida Chiropractic San Antonio.

#quiroprcticoPeditricoSanAntonio #especialistaBebsSanAntonio #tcnicaSotParaNios",https://puravidasanantonio.com/es/blog/quiropractico-pediatrico-sot-especialista-san-antonio,https://puravidasanantonio.com/images/dr-foss-adjusting-child-full.jpg,Salud Quiropráctica San Antonio,2026-05-21 21:00,quiropráctico pediátrico San Antonio|especialista bebés San Antonio|técnica SOT para niños|quiropráctico para cólicos|cuidado quiropráctico infantil San Antonio
Quiropractico Pediatrico Stone Oak,"Cuidado quiropractico pediátrico suave para niños de Stone Oak. El Dr. Dan Foss trata infecciones de oído, cólicos y preocupaciones de desarrollo. A 15 minutos.

Lea el artículo completo en Pura Vida Chiropractic San Antonio.

#quiropracticoPediatricoStoneOakSanAntonio #quiropracticoNiosStoneOak #quiropracticoBebesStoneOak",https://puravidasanantonio.com/es/blog/quiropractico-pediatrico-stone-oak-san-antonio,https://puravidasanantonio.com/images/dr-foss-adjusting-child-full.jpg,Salud Quiropráctica San Antonio,2026-05-22 00:00,quiropractico pediatrico Stone Oak San Antonio|quiropractico niños Stone Oak|quiropractico bebes Stone Oak|pediatrico cerca Stone Oak
Quiropráctico que Habla Español en San Antonio,"Busca un quiropráctico que habla español en San Antonio? El Dr. Dan Foss en Pura Vida ofrece atención quiropráctica completamente en español. Consulta gratis. Llama (210) 685-1994

Lea el artículo completo en Pura Vida Chiropractic San Antonio.

#quiroprcticoQueHablaEspaolSanAntonio #quiroprcticoLatinoSanAntonio #quiroprcticaEnEspaolSanAntonio",https://puravidasanantonio.com/es/blog/quiropractico-que-habla-espanol-san-antonio,https://puravidasanantonio.com/images/dr-foss-adjusting-patient.webp,Salud Quiropráctica San Antonio,2026-05-22 03:00,quiropráctico que habla español San Antonio|quiropráctico latino San Antonio|quiropráctica en español San Antonio|Dr. Dan Foss español
"Quiropráctico Sin Costo en San Antonio, TX","¿Necesitas un quiropráctico pero no tienes dinero? Pura Vida Chiropractic ofrece consulta gratis y planes de pago sin costo. Llama (210) 685-1994

Lea el artículo completo en Pura Vida Chiropractic San Antonio.

#quiroprcticoSinCostoSanAntonio #quiroprcticaGratisSanAntonio #planesDePagoQuiroprctica",https://puravidasanantonio.com/es/blog/quiropractico-sin-costo-san-antonio,https://puravidasanantonio.com/images/dr-foss-adjusting-patient.webp,Salud Quiropráctica San Antonio,2026-05-22 06:00,quiropráctico sin costo San Antonio|quiropráctica gratis San Antonio|planes de pago quiropráctica|quiropráctico asequible San Antonio
Quiropráctico vs Fisioterapeuta,"¿Quiropráctico o fisioterapeuta? Conoce las diferencias, cuándo ver cada uno, y cuál es mejor para ti en San Antonio.

Lea el artículo completo en Pura Vida Chiropractic San Antonio.

#quiroprcticoVsFisioterapeuta #diferenciaEntreQuiroprcticoYFisioterapeuta #culElegirQuiroprcticoFisioterapeuta",https://puravidasanantonio.com/es/blog/quiropractico-vs-fisioterapeuta,https://puravidasanantonio.com/images/dr-foss-adjusting-patient.webp,Salud Quiropráctica San Antonio,2026-05-22 09:00,quiropráctico vs fisioterapeuta|diferencia entre quiropráctico y fisioterapeuta|cuál elegir quiropráctico fisioterapeuta|quiropráctico o terapia física
Sciatica Chiropractor Alamo Heights,"Sciatica relief for Alamo Heights residents. Dr. Dan Foss specializes in sciatic nerve pain using SOT and targeted therapy. Just 10 minutes away. Free consultation.

Read the full article at Pura Vida Chiropractic San Antonio.

#sciaticaChiropractorAlamoHeightsSanAntonio #sciaticNervePainAlamoHeights #sciaticaTreatmentNearAlamoHeights",https://puravidasanantonio.com/en/blog/sciatica-chiropractor-alamo-heights-san-antonio,https://puravidasanantonio.com/images/conditions/sciatica.jpg,Chiropractic Health San Antonio,2026-05-22 12:00,sciatica chiropractor Alamo Heights San Antonio|sciatic nerve pain Alamo Heights|sciatica treatment near Alamo Heights|sciatic pain relief Alamo Heights
Sciatica Chiropractor Northwest Hills,"Sciatica nerve pain relief for Northwest Hills residents. Dr. Foss treats sciatic pain, leg numbness, and radiating pain. Proven results. Free consultation.

Read the full article at Pura Vida Chiropractic San Antonio.

#sciaticaChiropractorNorthwestHillsSanAntonio #sciaticNervePainNorthwestHills #legPainChiropractorNearNorthwestHills",https://puravidasanantonio.com/en/blog/sciatica-chiropractor-northwest-hills-san-antonio,https://puravidasanantonio.com/images/conditions/sciatica.jpg,Chiropractic Health San Antonio,2026-05-22 15:00,sciatica chiropractor Northwest Hills San Antonio|sciatic nerve pain Northwest Hills|leg pain chiropractor near Northwest Hills|nerve pain relief Northwest Hills
SOT Craniopathy vs Traditional Cranial,"Learn the difference between SOT Craniopathy and conventional cranial techniques. Dr. Dan Foss explains why DeJarnette's system is distinct and more effective for children.

Read the full article at Pura Vida Chiropractic San Antonio.

#sotCraniopathySanAntonio #cranialChiropracticSanAntonio #dejarnetteTechnique",https://puravidasanantonio.com/en/blog/sot-craniopathy-vs-traditional-cranial-chiropractic-san-antonio,https://puravidasanantonio.com/images/dr-foss-adjusting-child-full.jpg,Chiropractic Health San Antonio,2026-05-22 18:00,SOT Craniopathy San Antonio|cranial chiropractic San Antonio|DeJarnette technique|pediatric cranial therapy|sphenobasilar synchondrosis
Sports Injury Chiropractor Alamo Heights,"Sports injury treatment for Alamo Heights athletes. Dr. Dan Foss specializes in joint injuries, muscle strains, and performance optimization. Get back in the game faster.

Read the full article at Pura Vida Chiropractic San Antonio.

#sportsInjuryChiropractorAlamoHeightsSanAntonio #sportsChiropractorNearAlamoHeights #athleteInjuryTreatmentAlamoHeights",https://puravidasanantonio.com/en/blog/sports-injury-chiropractor-alamo-heights-san-antonio,https://puravidasanantonio.com/images/sports-injury.webp,Chiropractic Health San Antonio,2026-05-22 21:00,sports injury chiropractor Alamo Heights San Antonio|sports chiropractor near Alamo Heights|athlete injury treatment Alamo Heights|sports performance Alamo Heights
Sports Injury Chiropractor Dominion,"Sports injury and performance care for Dominion athletes. Dr. Dan Foss treats sprains, strains, and overuse injuries. Get back in the game fast. Free consultation.

Read the full article at Pura Vida Chiropractic San Antonio.

#sportsInjuryChiropractorDominionSanAntonio #athleteChiropractorDominion #sportsPerformanceDominion",https://puravidasanantonio.com/en/blog/sports-injury-chiropractor-dominion-san-antonio,https://puravidasanantonio.com/images/conditions/sports-injury.webp,Chiropractic Health San Antonio,2026-05-23 00:00,sports injury chiropractor Dominion San Antonio|athlete chiropractor Dominion|sports performance Dominion|injury recovery Dominion
Sports Performance Chiropractor Boerne,"Athlete and sports performance care for Boerne active adults. Dr. Foss optimizes movement and prevents injury. Get an edge. Free performance evaluation.

Read the full article at Pura Vida Chiropractic San Antonio.

#sportsPerformanceChiropractorBoerne #athleteChiropractorBoerneSanAntonio #athleticPerformanceBoerne",https://puravidasanantonio.com/en/blog/sports-performance-chiropractor-boerne-san-antonio,https://puravidasanantonio.com/images/conditions/sports-injury.webp,Chiropractic Health San Antonio,2026-05-23 03:00,sports performance chiropractor Boerne|athlete chiropractor Boerne San Antonio|athletic performance Boerne|injury prevention Boerne
Wellness Chiropractor Schertz | San Antonio TX,"Preventive wellness chiropractic care for Schertz families and active adults. Dr. Foss supports optimal health and nervous system function. Start your wellness journey today.

Read the full article at Pura Vida Chiropractic San Antonio.

#wellnessChiropractorSchertzSanAntonio #preventiveChiropracticCareSchertz #healthOptimizationSchertz",https://puravidasanantonio.com/en/blog/wellness-chiropractor-schertz-san-antonio,https://puravidasanantonio.com/images/dr-foss-adjusting-patient.jpg,Chiropractic Health San Antonio,2026-05-23 06:00,wellness chiropractor Schertz San Antonio|preventive chiropractic care Schertz|health optimization Schertz|nervous system wellness Schertz
What Is CMRT? Visceral Adjusting Technique,"CMRT (Chiropractic Manipulative Reflex Technique) is Dr. Dan Foss's specialized method for adjusting organ function through the spine. Zero chiropractors in San Antonio offer this.

Read the full article at Pura Vida Chiropractic San Antonio.

#cmrtSanAntonioChiropractor #visceralChiropracticSanAntonio #organDysfunctionChiropractor",https://puravidasanantonio.com/en/blog/what-is-cmrt-visceral-chiropractic-san-antonio,https://puravidasanantonio.com/images/social-cards/what-is-cmrt-visceral-chiropractic-san-antonio.jpg,Chiropractic Health San Antonio,2026-05-23 09:00,CMRT San Antonio chiropractor|visceral chiropractic San Antonio|organ dysfunction chiropractor|chiropractic reflex technique|SOT chiropractic San Antonio|visceral manipulation chiropractor
The Antibiotic Time Bomb,"Antibiotic overuse is driving resistance worldwide. Dr. Dan Foss explains how your immune system is your real defense—and how chiropractic care, including his unique CMRT visceral work, supports immunity from the inside out.

Read the full article at Pura Vida Chiropractic San Antonio.

#antibioticResistanceChiropractic #immuneSystemChiropracticSanAntonio #gutMicrobiomeChiropractic",https://puravidasanantonio.com/en/blog/antibiotic-resistance-chiropractic-immune-support,https://puravidasanantonio.com/images/dr-foss-adjust-sinus.jpg,Chiropractic Health San Antonio,2026-05-23 12:00,antibiotic resistance chiropractic|immune system chiropractic San Antonio|gut microbiome chiropractic|CMRT visceral chiropractic|natural immunity San Antonio|SOT chiropractic immune support
Investigación sobre el Asma que No Ha Escuchado,"El asma afecta a millones de niños y adultos. El Dr. Dan Foss explica cómo la columna y el sistema nervioso autónomo influyen en la función bronquial, y por qué SOT y CMRT pueden complementar su plan de atención del asma.

Lea el artículo completo en Pura Vida Chiropractic San Antonio.

#asmaQuiroprcticaSanAntonio #asmaInfantilQuiroprctico #quiroprcticaParaRespiracin",https://puravidasanantonio.com/es/blog/asma-conexion-columna-pulmones-quiropractica-san-antonio,https://puravidasanantonio.com/images/dr-foss-adjust-sinus.jpg,Salud Quiropráctica San Antonio,2026-05-23 15:00,asma quiropráctica San Antonio|asma infantil quiropráctico|quiropráctica para respiración|SOT asma San Antonio|CMRT pulmones quiropráctica|conexión columna-pulmones
Asthma Research You Haven't Heard,"Asthma affects millions of children and adults. Dr. Dan Foss explains how the spine and autonomic nervous system influence bronchial function—and why SOT and CMRT can complement your asthma care plan.

Read the full article at Pura Vida Chiropractic San Antonio.

#asthmaChiropracticSanAntonio #pediatricAsthmaChiropractor #chiropracticForBreathing",https://puravidasanantonio.com/en/blog/asthma-spinal-lung-connection-chiropractic-san-antonio,https://puravidasanantonio.com/images/dr-foss-adjust-sinus.jpg,Chiropractic Health San Antonio,2026-05-23 18:00,asthma chiropractic San Antonio|pediatric asthma chiropractor|chiropractic for breathing|SOT asthma San Antonio|CMRT lung chiropractic|spinal-lung connection
